domain,price,date,venue,source,week,ds
chasetravels.com,988.0,6/6,Afternic,Twitter,june-8-2026,
safireai.com,4999.0,12/23,Afternic,Twitter,december-29-2025,
jordansjewelry.com,995.0,8/4,Afternic,Facebook,august-10,
azaleacounseling.com,149.0,4/2,Afternic,Facebook,april-6-2026,
modestfinancialadvisor.com,750.0,05/23,Afternic,Twitter,may-26-2025,
payorca.com,3299.0,03/21,Afternic,Twitter,march-24-2025,
quantumagents.com,16000.0,12/22,Sedo,Twitter,december-29-2025,
pypel.com,100.0,5/11,Unknown,Facebook,may-18-2026,
theintelligencecompany.com,4950.0,5/5,Afternic,Twitter,may-11-2026,
blueflamelab.com,500.0,1/1,Afternic,Twitter,january-5-2026,
nftlasvegas.com,15000.0,2/11,UD,Twitter,february-16-2026,
belovedinchrist.com,2499.0,7/26,Afternic,Twitter,july-27,
aurangzeb.com,3988.0,12/22,Unknown,Twitter,december-29-2025,
stringlines.com,1818.0,3/8,Unknown,Twitter,march-8-2026,
regardingyou.com,1499.0,1/16,Afternic,NamePros,january-19-2026,
httcapital.com,995.0,4/6,Afternic,NamePros,april-13-2026,
hiddenpod.com,199.0,5/28,Afternic,Facebook,june-1-2026,
agisilicon.com,18000.0,5/1,Afternic,Twitter,may-4-2026,
fairwaydeals.com,1000.0,4/10,Afternic,Twitter,april-13-2026,
vevision.com,2720.0,8/13,Unknown,Twitter,august-17,
jbhx.com,888.0,08/01,Afternic,NamePros,august-4-2025,
internationcarrental.com,588.0,04/18,Afternic,Twitter,april-21-2025,
tegwa.com,2799.0,07/02,Atom,Twitter,july-7-2025,
teakaboo.com,2990.0,11/24,Afternic,DomainX,december-1-2025,
ledgersupport.com,9950.0,4/10,Afternic,Twitter,april-13-2026,
keeperwallet.com,7799.0,6/25,Afternic,Twitter,june-29-2026,
aptusventures.com,3995.0,11/25,Afternic,Twitter,december-1-2025,
holisticwellcare.com,495.0,03/23,Afternic,Twitter,march-24-2025,
lowerbound.com,999.0,2/7,Afternic,Twitter,february-9-2026,
folk.com,250000.0,8/1,Unknown,Twitter,august-3,D
getello.com,888.0,11/8,Afternic,NamePros,november-10-2025,
innoviai.com,1871.0,3/18,Atom,Twitter,march-23-2026,
facilitymanagementconsulting.com,200.0,5/19,Afternic,Facebook,may-25-2026,
tournamentsinpoker.com,1900.0,4/12,Afternic,Twitter,april-13-2026,
helliuminvest.com,15105.0,5/8,Afternic,Twitter,may-11-2026,
satelliteshelters.com,14888.0,05/14,DomainMarket,Twitter,may-19-2025,
forgegrid.com,2795.0,5/14,BrandBucket,Twitter,may-18-2026,
slateverse.com,100.0,06/24,Afternic,Twitter,june-30-2025,
dreammtn.com,1550.0,05/29,Afternic,Twitter,june-2-2025,
cryptopia.com,65000.0,07/17,BrandBucket,Twitter,july-21-2025,
printshopcalgary.com,244.0,4/1,Afternic,Facebook,april-6-2026,
yozai.com,1196.0,9/19,Afternic,Twitter,september-21,
tourzo.com,295.0,7/7,Afternic,Twitter,july-13-2026,
tarro.com,69516.0,8/18,Unknown,Twitter,august-24,D
virtuallyfunny.com,888.0,6/10,Atom,Twitter,june-15-2026,
saxag.com,1288.0,07/17,Afternic,Twitter,july-21-2025,
carinjuryaccidentlawyer.com,100.0,6/30,Afternic,Twitter,july-6-2026,
osteocore.com,6562.0,8/15,Afternic,Twitter,august-18-2025,
exovy.com,4699.0,1/21,Atom,Twitter,january-26-2026,
kqbf.com,888.0,05/01,Afternic,NamePros,may-5-2025,
plazex.com,100.0,5/31,Afternic,Twitter,june-1-2026,
vaultdesk.com,2888.0,11/7,Atom,Twitter,november-10-2025,
omgmed.com,299.0,5/5,Afternic,Twitter,may-11-2026,
workwearlondon.com,100.0,4/16,Afternic,Facebook,april-20-2026,
pactical.com,2695.0,12/31,Afternic,NamePros,january-5-2026,
appqik.com,388.0,2/20,Afternic,Twitter,february-23-2026,
terranovaprojects.com,888.0,6/1,Spaceship,Facebook,june-8-2026,
vacationreservations.com,900.0,11/5,NamesCon,NamesCon,november-10-2025,
projectmanagercareer.com,300.0,2/27,Afternic,Facebook,march-2-2026,
americanpowerline.com,5345.0,3/11,Afternic,Twitter,march-16-2026,
holidayavatar.com,1000.0,11/24,NamePros,NamePros,december-1-2025,
tokenizeasset.com,1000.0,07/28,Afternic,Twitter,august-4-2025,
effortcapital.com,950.0,12/26,Afternic,Twitter,december-29-2025,
dcez.com,5800.0,6/5,Afternic,Twitter,june-8-2026,
twebble.com,3300.0,1/6,Atom,Twitter,january-12-2026,
deepharness.com,1995.0,7/16,Afternic,NamePros,july-20-2026,
scalezy.com,3508.0,8/5,Atom,Twitter,august-10,D
crownautogroup.com,30000.0,6/10,DomainMarket,Twitter,june-15-2026,
colossalcommerce.com,299.0,6/6,Afternic,Twitter,june-8-2026,
dexhero.com,1499.0,12/5,Afternic,Twitter,december-8-2025,
totalrx.com,75000.0,6/4,Sedo,Twitter,june-8-2026,
mybuildhub.com,499.0,5/28,Afternic,Twitter,june-1-2026,
amautosale.com,222.0,2/8,Afternic,Facebook,february-9-2026,
wiserbuild.com,2888.0,05/13,Atom,Twitter,may-19-2025,
nursingtutoring.com,200.0,6/29,Afternic,Facebook,july-6-2026,
exoticcarrental.com,325.0,12/27,Afternic,Twitter,december-29-2025,
blackboxhosting.com,1495.0,3/25,Afternic,,march-30-2026,
shoredecker.com,499.0,3/26,Afternic,,march-30-2026,
betfrost.com,888.0,05/30,Afternic,Twitter,june-2-2025,
darkgrade.com,3888.0,1/9,Spaceship,Twitter,january-12-2026,
latavius.com,150.0,12/30,Afternic,Facebook,january-5-2026,
happyoyster.com,19888.0,4/10,DomainMarket,Twitter,april-13-2026,
covessa.com,3499.0,8/5,Atom,Twitter,august-10,D
newjerseycriminaldefenseattorney.com,250.0,8/18,Afternic,Twitter,august-25-2025,
eyesouth.com,7497.0,07/09,Atom,Twitter,july-14-2025,
aihomeideas.com,199.0,7/14,Spaceship,Twitter,july-20-2026,
outhelp.com,1200.0,11/9,Afternic,DomainX,november-10-2025,
stellarautomotive.com,8888.0,12/1,DomainMarket,Twitter,december-8-2025,
xbsg.com,1999.0,06/01,Afternic,NamePros,june-2-2025,
largestevents.com,395.0,4/26,Afternic,Twitter,april-27-2026,
myborsa.com,600.0,11/26,Afternic,Twitter,december-1-2025,
sgxb.com,1999.0,04/01,Afternic,NamePros,april-7-2025,
berkeleyinsurance.com,2595.0,7/17,Afternic,NamePros,july-20-2026,
carzo.com,7988.0,2/20,Dynadot,Twitter,february-23-2026,
testaweb.com,1999.0,9/18,Sedo,Twitter,september-21,
creativeos.com,10000.0,8/3,Unknown,Twitter,august-10,D
clsauto.com,750.0,2/2,Afternic,Twitter,february-9-2026,
cheapestpetinsurance.com,7988.0,7/10,Afternic,Twitter,july-13-2026,
mlhl.com,5000.0,4/24,Afternic,Twitter,april-27-2026,
celsiuslab.com,500.0,7/1,Spaceship,DomainX,july-6-2026,
sailtravel.com,2529.0,07/30,Atom,Twitter,august-4-2025,
lumenahealth.com,4980.0,6/1,Afternic,Twitter,june-8-2026,
rhider.com,4985.0,05/16,Dan,Twitter,may-19-2025,
rjsm.com,2000.0,2/20,Afternic,Twitter,february-23-2026,
oddsbandit.com,1995.0,04/22,Brandpa,NamePros,april-28-2025,
chilicars.com,280.0,7/11,Spaceship,Twitter,july-13-2026,
finelyst.com,100.0,6/27,Afternic,Twitter,june-29-2026,
jellytoken.com,699.0,5/28,Afternic,Twitter,june-1-2026,
aidurable.com,199.0,5/7,Dynadot,Facebook,may-11-2026,
parivo.com,4395.0,5/14,Atom,Twitter,may-18-2026,
villasinturksandcaicos.com,1500.0,7/8,Afternic,Twitter,july-13-2026,
advancedaestheticsacademy.com,100.0,5/19,Sedo,Facebook,may-25-2026,
gamerhq.com,7650.0,11/24,Atom,Twitter,december-1-2025,
haladrive.com,3565.0,03/22,Atom,Twitter,march-24-2025,
cazj.com,151.0,8/20,NamePros,NamePros,august-24,
homevu.com,3000.0,05/09,Unknown,Twitter,may-12-2025,
omiz.com,1114.0,8/31,Unknown,Twitter,september-7,
technifox.com,3695.0,8/4,Atom,Twitter,august-11-2025,
opencoworker.com,3788.0,2/27,Afternic,Facebook,march-2-2026,
crqb.com,999.0,04/01,Afternic,NamePros,april-7-2025,
craftstage.com,495.0,1/13,Afternic,Twitter,january-19-2026,
alcovefitness.com,1982.0,7/30,Atom,Twitter,august-3,D
armsauctions.com,600.0,4/26,Afternic,Facebook,april-27-2026,
sorterly.com,2795.0,6/8,Afternic,Twitter,june-15-2026,
yovondo.com,1350.0,9/23,Saw.com,Twitter,september-28,D
crunche.com,499.0,5/6,Afternic,Twitter,may-11-2026,
sigentic.com,2950.0,07/14,Afternic,NamePros,july-21-2025,
zeptoatom.com,2488.0,07/15,Afternic,Twitter,july-21-2025,
atlantagunclub.com,300.0,8/20,Afternic,Twitter,august-25-2025,
incometrick.com,1250.0,05/28,Afternic,Twitter,june-2-2025,
didihealth.com,8000.0,4/26,Escrow,Twitter,april-27-2026,
pmrt.com,6000.0,4/9,Afternic,Twitter,april-13-2026,
denverpergolabuilder.com,120.0,4/20,Afternic,Facebook,april-27-2026,
purplegpt.com,1988.0,03/31,Afternic,Twitter,april-7-2025,
samplescents.com,1988.0,7/15,Afternic,NamePros,july-20-2026,
boredweb.com,250.0,11/4,Afternic,Twitter,november-10-2025,
astonishly.com,1488.0,9/18,Afternic,NamePros,september-21,
blackholing.com,125.0,2/21,Afternic,Facebook,february-23-2026,
placasdecorativas.com,199.0,2/20,Afternic,Twitter,february-23-2026,
kaviai.com,1650.0,6/29,Afternic,Facebook,july-6-2026,
piped.com,3700.0,04/22,Afternic,Twitter,april-28-2025,
macroagentic.com,488.0,7/13,Afternic,Twitter,july-20-2026,
quantastore.com,988.0,1/3,Afternic,Twitter,january-5-2026,
cybersecurityunion.com,499.0,6/8,Afternic,Twitter,june-15-2026,
odsey.com,399.0,7/16,Afternic,Twitter,july-20-2026,
onlinedigitalservices.com,620.0,05/23,Afternic,Twitter,may-26-2025,
crystalbridgesmuseum.com,950.0,12/2,Afternic,Twitter,december-8-2025,
agorafunds.com,5000.0,12/1,Unknown,Twitter,december-8-2025,
upgradeq.com,1000.0,12/19,Spaceship,Twitter,december-22-2025,
agibeast.com,100.0,4/7,Spaceship,Twitter,april-13-2026,
simplydirt.com,2850.0,12/23,Atom,Twitter,december-29-2025,
yuanwallet.com,100.0,6/30,Unknown,Twitter,july-6-2026,
jttw.com,2000.0,3/25,Afternic,,march-30-2026,
liefcare.com,800.0,03/19,Unknown,DomainX,march-24-2025,
milanonailspa.com,999.0,2/11,Afternic,Twitter,february-16-2026,
keepingitkosher.com,6988.0,2/18,Afternic,Twitter,february-23-2026,
pathwayhomemortgage.com,499.0,2/3,Afternic,Twitter,february-9-2026,
wealthbrix.com,2988.0,8/1,Afternic,DomainX,august-3,
keratotomy.com,299.0,12/7,Afternic,Twitter,december-8-2025,
authntic.com,2888.0,06/27,Afternic,DomainX,june-30-2025,
bnbpot.com,500.0,12/3,Atom,Twitter,december-8-2025,
brucegilbert.com,279.0,05/31,Afternic,DoaminX,june-2-2025,
futureoperator.com,1988.0,6/25,Spaceship,Twitter,june-29-2026,
ecmtek.com,999.0,04/04,Afternic,DomainX,april-7-2025,
audiotranslation.com,100.0,6/30,Unknown,Twitter,july-6-2026,
tridentsecurityservices.com,275.0,12/8,Spaceship,Facebook,december-15-2025,
poolservicefl.com,173.0,6/14,Sedo,Facebook,june-15-2026,
yarproject.com,1888.0,5/19,Afternic,Twitter,may-25-2026,
mytechbuddy.com,4988.0,3/24,Afternic,,march-30-2026,
farobotics.com,2800.0,2/17,Afternic,Twitter,february-23-2026,
yurui.com,3363.0,9/21,313.com,Twitter,september-28,
coloradospringsvideoproduction.com,125.0,04/03,Afternic,Twitter,april-7-2025,
johndoll.com,299.0,7/9,Afternic,Twitter,july-13-2026,
dmaj.com,350.0,1/28,Atom,Twitter,february-2-2026,
upxy.com,500.0,7/27,Afternic,Twitter,august-3,
sharpity.com,150.0,8/6,Spaceship,Twitter,august-10,
netplane.com,4995.0,8/13,Spaceship,Twitter,august-18-2025,
hereticai.com,299.0,5/26,Afternic,Twitter,june-1-2026,
jayam.com,16500.0,7/26,Afternic,Twitter,july-27,
itxb.com,1999.0,08/01,Afternic,NamePros,august-4-2025,
blackouts.com,28888.0,9/17,Afternic,Twitter,september-21,
agenticbricks.com,999.0,12/13,Afternic,Twitter,december-15-2025,
peagent.com,499.0,5/6,Afternic,Twitter,may-11-2026,
cargochat.com,3000.0,06/11,Afternic,Twitter,june-16-2025,
payforbill.com,2495.0,2/10,Afternic,Twitter,february-16-2026,
beframes.com,188.0,05/05,Afternic,Twitter,may-12-2025,
russdentistry.com,100.0,11/6,Unknown,DomainX,november-10-2025,
kantenscutzprofi.com,1919.0,12/15,Sedo,Facebook,december-22-2025,
nashvilleroofreplacement.com,100.0,4/2,Afternic,Facebook,april-6-2026,
chatjudge.com,155.0,11/5,Afternic,Twitter,november-10-2025,
allpointsauto.com,9888.0,7/15,DomainMarket,Twitter,july-20-2026,
jameshallauthor.com,2000.0,3/28,Afternic,,march-30-2026,
poolservicetexas.com,150.0,3/2,Afternic,Twitter,march-8-2026,
kixed.com,3988.0,7/3,Sedo,Twitter,july-6-2026,
athleticstv.com,777.0,1/8,Afternic,Twitter,january-12-2026,
gonowai.com,399.0,6/26,Afternic,Twitter,june-29-2026,
loginsi.com,100.0,9/26,Dynadot,Twitter,september-28,
pottyguard.com,2988.0,06/20,Afternic,Twitter,june-23-2025,
lqfn.com,3000.0,6/22,Spaceship,Twitter,june-29-2026,
oodai.com,3888.0,9/9,Atom,Twitter,september-14,D
rahatek.com,100.0,5/13,Sedo,Twitter,may-18-2026,
gccforum.com,400.0,06/05,Afternic,Twitter,june-9-2025,
agentichi.com,950.0,12/7,Afternic,Twitter,december-8-2025,
phrenova.com,3799.0,7/13,Atom,Twitter,july-20-2026,
piscinaspro.com,1116.0,12/7,Afternic,Facebook,december-8-2025,
paintboothspecialists.com,450.0,12/5,Afternic,Twitter,december-8-2025,
applyaijobs.com,500.0,2/27,Afternic,Twitter,march-2-2026,
novacore.com,23000.0,07/17,BrandBucket,Twitter,july-21-2025,
lendingforce.com,30000.0,1/9,Unknown,Twitter,january-12-2026,
qxds.com,499.0,04/01,Afternic,NamePros,april-7-2025,
worstmedia.com,2495.0,11/29,Afternic,NamePros,december-1-2025,
measuredai.com,7488.0,1/1,Afternic,Twitter,january-5-2026,
agenticsciences.com,1500.0,4/15,Afternic,Twitter,april-20-2026,
skuos.com,3294.0,5/5,Atom,NamePros,may-11-2026,
functionai.com,4995.0,5/6,Afternic,Twitter,may-11-2026,
skillvia.com,2199.0,4/25,Atom,Twitter,april-27-2026,
hayeshomeservices.com,499.0,12/2,Afternic,Facebook,december-8-2025,
aivaping.com,3500.0,07/14,Afternic,Twitter,july-21-2025,
edgebond.com,3880.0,6/4,Afternic,Twitter,june-8-2026,
painreliefcenter.com,1900.0,11/5,NamesCon,NamesCon,november-10-2025,
springborohomes.com,150.0,07/04,Afternic,Twitter,july-7-2025,
opmo.com,13000.0,07/29,Atom,Twitter,august-4-2025,
mgmsolution.com,1300.0,3/8,Afternic,Twitter,march-8-2026,
arezai.com,555.0,8/18,Unknown,Twitter,august-24,R
smovashop.com,10999.0,2/6,Afternic,Twitter,february-9-2026,
michaelbricker.com,499.0,2/27,Afternic,Facebook,march-2-2026,
visualto.com,5449.0,3/5,Atom,Twitter,march-8-2026,
sayitsweetly.com,3500.0,8/6,Afternic,Twitter,august-11-2025,
americasai.com,3995.0,2/4,Spaceship,Twitter,february-9-2026,
officesupplygroup.com,295.0,7/7,Afternic,Twitter,july-13-2026,
seattlepartyrental.com,350.0,4/16,Afternic,Facebook,april-20-2026,
aidrop.com,49950.0,3/9,Afternic,Twitter,march-16-2026,
useragentic.com,500.0,12/9,Afternic,Twitter,december-15-2025,
motherstream.com,400.0,12/2,Afternic,Twitter,december-8-2025,
mowersrepair.com,485.0,4/20,Spaceship,Twitter,april-27-2026,
oall.com,15000.0,04/30,Atom,Twitter,may-5-2025,
cfpcapital.com,2888.0,03/23,Afternic,Twitter,march-24-2025,
gotsms.com,2199.0,6/9,Atom,Twitter,june-15-2026,
puranmal.com,8500.0,9/26,Spaceship,Twitter,september-28,D
femaleintelligence.com,5988.0,5/26,Afternic,Twitter,june-1-2026,
cryptotorrents.com,4988.0,4/20,Afternic,Twitter,april-27-2026,
univoucher.com,850.0,04/28,AfternicC,Twitter,may-5-2025,
richardwatts.com,4888.0,8/7,DomainMarket,Twitter,august-11-2025,
bayberrys.com,1288.0,4/6,Afternic,Twitter,april-13-2026,
hlbd.com,5000.0,5/10,Spaceship,Twitter,may-11-2026,
shzv.com,150.0,9/1,Afternic,Facebook,september-7,D
bizznote.com,2300.0,1/24,Atom,NamePros,january-26-2026,
clxx.com,2000.0,5/6,Spaceship,Twitter,may-11-2026,
technologyadvisor.com,49888.0,06/04,DomainMarket,Twitter,june-9-2025,
baskweb.com,105.0,07/07,Dynadot,Twitter,july-14-2025,
serp.com,210000.0,12/15,Afternic,Twitter,december-22-2025,
mcpinspector.com,15880.0,06/26,Afternic,Twitter,june-30-2025,
atai.com,27000.0,8/22,Unknown,Twitter,august-25-2025,
walkingsafaris.com,6000.0,7/16,Afternic,Twitter,july-20-2026,
swarmorchestrator.com,2500.0,6/16,Afternic,Twitter,june-22-2026,
kargoza.com,499.0,1/8,Afternic,Twitter,january-12-2026,
metalligence.com,3000.0,9/6,Afternic,Twitter,september-7,
hrzm.com,3000.0,6/1,Afternic,Twitter,june-8-2026,
wmhf.com,1500.0,7/31,Spaceship,NamePros,august-3,
anywrap.com,890.0,04/24,Afternic,Twitter,april-28-2025,
holysoy.com,1150.0,11/26,Afternic,Twitter,december-1-2025,
buniya.com,1980.0,1/23,Afternic,Twitter,january-26-2026,
goldflag.com,1200.0,1/29,Sedo,Twitter,february-2-2026,
fasea.com,2999.0,3/24,Afternic,,march-30-2026,
amgstone.com,650.0,2/4,Afternic,Twitter,february-9-2026,
blazedata.com,4695.0,6/26,Afternic,Twitter,june-29-2026,
qouterbot.com,199.0,8/17,Afternic,Twitter,august-24,
reselltech.com,1990.0,3/20,Afternic,Twitter,march-23-2026,
truthable.com,120.0,6/4,Unknown,Twitter,june-8-2026,
deepdiveagent.com,100.0,5/29,Dynadot,Twitter,june-1-2026,
mortgageloanrates.com,1500.0,1/23,Afternic,Twitter,january-26-2026,
barbershopdubai.com,300.0,4/1,Afternic,Twitter,april-6-2026,
nookx.com,4200.0,2/15,Atom,Twitter,february-16-2026,
arcawellness.com,1995.0,3/20,Afternic,Twitter,march-23-2026,
britebound.com,3395.0,05/30,Afternic,Twitter,june-2-2025,
vgeai.com,500.0,11/7,Afternic,Twitter,november-10-2025,
wowsy.com,17940.0,7/19,Atom,Twitter,july-20-2026,
askravi.com,275.0,2/6,Afternic,Twitter,february-9-2026,
gpthumanizer.com,100.0,12/5,Afternic,Twitter,december-8-2025,
logisticsagentic.com,100.0,6/2,Afternic,Twitter,june-8-2026,
rashpay.com,499.0,6/13,Afternic,Twitter,june-15-2026,
goldsilverratio.com,1390.0,3/30,Afternic,Twitter,april-6-2026,
gmhcapital.com,1450.0,7/14,Afternic,NamePros,july-20-2026,
mycarvaluation.com,500.0,1/11,Afternic,Twitter,january-12-2026,
brild.com,2995.0,4/11,Afternic,Twitter,april-13-2026,
blankjerseys.com,488.0,06/27,Afternic,Twitter,june-30-2025,
alwaysinescrow.com,1500.0,2/5,Afternic,Twitter,february-9-2026,
atlarms.com,800.0,07/15,Afternic,Twitter,july-21-2025,
realitylayer.com,999.0,4/24,Sedo,NamePros,april-27-2026,
hosw.com,3000.0,6/11,Afternic,Twitter,june-15-2026,
meatandfish.com,3374.0,11/24,Atom,Twitter,december-1-2025,
glvai.com,100.0,5/16,Spaceship,Twitter,may-18-2026,
levelis.com,2499.0,7/1,Afternic,Twitter,july-6-2026,
dbdsupply.com,500.0,12/10,Afternic,Facebook,december-15-2025,
zahee.com,3199.0,1/12,Atom,Twitter,january-19-2026,
fanaticsmarket.com,1499.0,12/21,Afternic,Twitter,december-22-2025,
mycreditdoctor.com,1600.0,2/23,Atom,Twitter,march-2-2026,
pestpanda.com,2022.0,3/18,Atom,Twitter,march-23-2026,
bulldozerai.com,288.0,9/16,Afternic,Twitter,september-21,
findfoodnearme.com,285.0,8/26,Afternic,Facebook,august-31,
mikai.com,15000.0,03/21,Saw.com,Twitter,march-24-2025,
livish.com,4150.0,07/10,Atom,Twitter,july-14-2025,
clawyou.com,7310.0,4/29,Unknown,Twitter,may-4-2026,
fashioner.com,31772.0,8/6,Unknown,Twitter,august-10,
strp.com,5000.0,1/11,Afternic,Twitter,january-12-2026,
baduz.com,7500.0,8/5,Atom,Twitter,august-10,D
kristibrown.com,100.0,8/12,Afternic,Twitter,august-18-2025,
rocclub.com,1988.0,12/19,Afternic,Twitter,december-22-2025,
mahjongtournament.com,1200.0,6/20,Afternic,Twitter,june-22-2026,
uuvpn.com,3968.0,8/10,Unknown,Twitter,august-17,
engnx.com,888.0,04/01,Afternic,Twitter,april-7-2025,
fleetfuels.com,2000.0,1/12,Escrow,Twitter,january-19-2026,
blindfy.com,450.0,4/2,Atom,Twitter,april-6-2026,
holoex.com,6995.0,5/29,Afternic,NamePros,june-1-2026,
tokenshub.com,1880.0,2/7,Afternic,Twitter,february-9-2026,
triplehawk.com,3600.0,7/15,Afternic,Twitter,july-20-2026,
payonward.com,2000.0,4/27,Atom,Twitter,may-4-2026,
stiqq.com,8256.0,4/15,Atom,Twitter,april-20-2026,
soundmanage.com,499.0,2/25,Afternic,Twitter,march-2-2026,
transactionizer.com,117.0,4/30,Sedo,Twitter,may-4-2026,
investorlist.com,2000.0,04/01,Unknown,NamePros,april-7-2025,
picela.com,150.0,8/6,Afternic,Facebook,august-10,D
auragoldwater.com,4988.0,11/8,Afternic,Twitter,november-10-2025,
sageandgray.com,3000.0,03/24,Unknown,Twitter,march-31-2025,
charmius.com,3299.0,2/27,Afternic,Twitter,march-2-2026,
thetreeboss.com,2995.0,1/2,Afternic,Twitter,january-5-2026,
eliopay.com,200.0,5/8,Afternic,Twitter,may-11-2026,
alpsshop.com,125.0,8/16,Afternic,Twitter,august-18-2025,
songfab.com,100.0,5/19,Afternic,NamePros,may-25-2026,
kipmo.com,480.0,07/04,Afternic,NamePros,july-7-2025,
mpattern.com,188.0,6/21,Afternic,NamePros,june-22-2026,
drafrica.com,4550.0,2/18,Afternic,Twitter,february-23-2026,
honoluluagency.com,275.0,5/12,Dan,Twitter,may-18-2026,
robira.com,6950.0,05/02,Afternic,Twitter,may-5-2025,
endolyse.com,988.0,6/18,Afternic,Twitter,june-22-2026,
hxqs.com,888.0,08/01,Afternic,NamePros,august-4-2025,
littleoneschildcare.com,375.0,4/14,Afternic,Twitter,april-20-2026,
novaska.com,295.0,7/10,Afternic,Twitter,july-13-2026,
heyeliza.com,1499.0,8/20,Afternic,Twitter,august-25-2025,
vibecreator.com,5000.0,11/4,Atom,Twitter,november-10-2025,
mygamingsetup.com,1577.0,06/21,Afternic,Twitter,june-23-2025,
diversifyapp.com,2499.0,1/1,Afternic,Twitter,january-5-2026,
hawaiiexcursions.com,149.0,6/1,Afternic,Facebook,june-8-2026,
oddfitness.com,100.0,6/9,Afternic,Twitter,june-15-2026,
botolota.com,295.0,8/8,Afternic,Twitter,august-11-2025,
carboardtoast.com,1000.0,8/18,Afternic,Twitter,august-25-2025,
thepoets.com,5000.0,08/01,Saw.com,Twitter,august-4-2025,
spanwork.com,2699.0,6/24,Atom,Twitter,june-29-2026,
aigovernor.com,3809.0,1/31,Afternic,Twitter,february-2-2026,
ueberall.com,20000.0,1/1,DomainMarket,Twitter,january-5-2026,
qhalo.com,2000.0,8/3,Atom,Twitter,august-10,
yehg.com,2500.0,4/9,Spaceship,Twitter,april-13-2026,
improvemyself.com,7500.0,3/21,Afternic,Twitter,march-23-2026,
pawpixel.com,1000.0,06/20,Afternic,Twitter,june-23-2025,
freshhomeservices.com,125.0,5/9,Afternic,Facebook,may-11-2026,
solarkarts.com,3600.0,04/07,Afternic,DomainX,april-14-2025,
corrinejackson.com,559.0,12/29,Afternic,Twitter,january-5-2026,
funchaltours.com,147.0,4/2,Afternic,Facebook,april-6-2026,
redefy.com,24995.0,12/19,Afternic,Twitter,december-22-2025,
londonrugcleaning.com,375.0,12/25,Afternic,Facebook,december-29-2025,
nookstudio.com,39888.0,04/02,DomainMarket,Twitter,april-7-2025,
menucosting.com,495.0,3/24,Spaceship,D,march-30-2026,
seetheinvisible.com,2000.0,5/23,Afternic,NamePros,may-25-2026,
avelion.com,3865.0,07/06,Atom,Twitter,july-7-2025,
bhdy.com,3000.0,1/27,Afternic,Twitter,february-2-2026,
glassplatform.com,900.0,3/4,Afternic,DomainX,march-8-2026,
otpservice.com,1288.0,6/2,Afternic,Twitter,june-8-2026,
secretman.com,15850.0,7/17,Afternic,Twitter,july-20-2026,
unoluxe.com,550.0,07/28,Afternic,Twitter,august-4-2025,
poppep.com,395.0,4/28,Afternic,Twitter,may-4-2026,
brikhaus.com,3495.0,3/26,Afternic,,march-30-2026,
openweight.com,25000.0,6/21,Spaceship,Twitter,june-22-2026,
shipmentplanner.com,300.0,12/1,Afternic,Twitter,december-8-2025,
goinquire.com,1871.0,3/25,Atom,,march-30-2026,
lasculpt.com,3099.0,12/1,Afternic,NamePros,december-8-2025,
fluxtec.com,9000.0,6/10,Atom,Twitter,june-15-2026,
scanspider.com,1250.0,06/20,Epik,Twitter,june-23-2025,
kmrf.com,2100.0,4/15,Dynadot,DomainX,april-20-2026,
swarmos.com,8500.0,3/13,Afternic,Twitter,march-16-2026,
vibecodejobs.com,250.0,2/8,Spaceship,Twitter,february-9-2026,
cluezy.com,2988.0,3/21,Spaceship,Twitter,march-23-2026,
ottawadentalcentre.com,250.0,12/3,UnstoppableDomains,Facebook,december-8-2025,
bodrise.com,6354.0,06/21,Afternic,NamePros,june-23-2025,
cnrobo.com,3184.0,3/17,Unknown,Twitter,march-23-2026,
agentjudge.com,1500.0,2/3,Afternic,Twitter,february-9-2026,
njweddingband.com,500.0,4/16,Afternic,Facebook,april-20-2026,
hobsalon.com,2044.0,3/16,Afternic,Twitter,march-23-2026,
itomori.com,499.0,6/29,Afternic,Twitter,july-6-2026,
speedingticketdefense.com,3000.0,04/02,Afternic,Twitter,april-7-2025,
supatube.com,650.0,8/20,Spaceship,Twitter,august-24,
growwithus.com,27500.0,12/21,Afternic,Twitter,december-22-2025,
kecn.com,5000.0,5/26,Dynadot,Twitter,june-1-2026,
aijinni.com,195.0,6/8,Afternic,Facebook,june-15-2026,
samedaybusinessloans.com,3300.0,07/02,Afternic,Twitter,july-7-2025,
mysweetyskin.com,589.0,4/2,Afternic,Twitter,april-6-2026,
alldaytours.com,988.0,3/13,Afternic,Twitter,march-16-2026,
peersly.com,2895.0,4/30,Afternic,Twitter,may-4-2026,
livingsimple.com,7750.0,11/5,NamesCon,NamesCon,november-10-2025,
seychellesboattour.com,388.0,8/9,Afternic,Twitter,august-10,
billoff.com,1988.0,2/16,Sedo,Twitter,february-23-2026,
rpscan.com,499.0,04/08,Afternic,DomainX,april-14-2025,
aibrandstrategy.com,779.0,12/15,Spaceship,Facebook,december-22-2025,
magnetz.com,7399.0,04/01,Atom,Twitter,april-7-2025,
gptam.com,1888.0,05/03,Atom,Twitter,may-5-2025,
bullioncentre.com,1000.0,4/3,Afternic,Twitter,april-6-2026,
boattrailrental.com,750.0,7/1,Afternic,Facebook,july-6-2026,
quantasure.com,2488.0,12/14,Afternic,Twitter,december-15-2025,
bonua.com,5615.0,07/10,BrandBucket,NamePros,july-14-2025,
trustlove.com,9600.0,07/17,Afternic,Twitter,july-21-2025,
zitp.com,3000.0,2/18,Afternic,Twitter,february-23-2026,
mahafilm.com,499.0,8/31,Afternic,Twitter,september-7,
employerly.com,3600.0,6/28,Afternic,Twitter,june-29-2026,
biomedicalwellness.com,3995.0,12/17,Afternic,Twitter,december-22-2025,
rocketdonkey.com,4995.0,8/20,Afternic,Twitter,august-25-2025,
rightcx.com,3000.0,1/21,Afternic,DomainX,january-26-2026,
regenerateai.com,2500.0,05/06,Afternic,Twitter,may-12-2025,
selfwave.com,1869.0,5/23,Atom,Twitter,may-25-2026,
amsrenovations.com,2088.0,5/6,Afternic,Twitter,may-11-2026,
dnarena.com,2500.0,07/14,Afternic,Twitter,july-21-2025,
cypruvisit.com,198.0,12/15,Afternic,Facebook,december-22-2025,
bawn.com,16850.0,07/17,BrandBucket,Twitter,july-21-2025,
flowcontact.com,3337.0,4/1,Sedo,Facebook,april-6-2026,
ipowerboat.com,399.0,12/29,Afternic,Twitter,january-5-2026,
delago.com,299.0,4/30,Afternic,Twitter,may-4-2026,
portarthurhomes.com,385.0,06/01,Afternic,Twitter,june-2-2025,
pejd.com,3500.0,4/22,Spaceship,Twitter,april-27-2026,
mintoy.com,2500.0,12/14,Atom,NamePros,december-15-2025,
openraas.com,299.0,5/21,Afternic,Twitter,may-25-2026,
zeauty.com,2950.0,3/1,Spaceship,NamePros,march-2-2026,
girlswithpearls.com,9888.0,06/16,DomainMarket,Twitter,june-23-2025,
domesystems.com,15000.0,12/15,DomainMarket,Twitter,december-22-2025,
wolfenberg.com,8888.0,06/04,DomainMarket,Twitter,june-9-2025,
crystalspires.com,499.0,9/25,Afternic,Twitter,september-28,D
berkz.com,100.0,6/1,Afternic,Twitter,june-8-2026,
wabu.com,25000.0,8/7,Efty,Twitter,august-10,
braincarescore.com,2956.0,12/17,Afternic,Twitter,december-22-2025,
cedeai.com,2000.0,9/3,Afternic,Twitter,september-7,
goldassetmanagement.com,14888.0,3/25,DomainMarket,,march-30-2026,
underpinningspecialists.com,160.0,3/18,Afternic,Facebook,march-23-2026,
aggregatesystems.com,3600.0,7/17,Afternic,Twitter,july-20-2026,
aibeautycare.com,1440.0,3/20,Afternic,NamePros,march-23-2026,
brisbaneadventure.com,200.0,11/8,Afternic,Facebook,november-10-2025,
stablechains.com,6666.0,06/16,Atom,Twitter,june-23-2025,
smartcityapartements.com,514.0,05/24,Afternic,Twitter,may-26-2025,
smoothintelligence.com,5800.0,03/23,Afternic,DomainX,march-24-2025,
countrysideford.com,9888.0,6/18,DomainMarket,Twitter,june-22-2026,
yourtests.com,299.0,4/18,Spaceship,Twitter,april-20-2026,
anaholding.com,950.0,05/13,Afternic,Twitter,may-19-2025,
technosparkgroup.com,210.0,3/28,Afternic,,march-30-2026,
particledb.com,3588.0,5/12,Spaceship,Twitter,may-18-2026,
aipresets.com,488.0,03/19,Afternic,Twitter,march-24-2025,
opdq.com,999.0,12/30,Spaceship,NamePros,january-5-2026,
bitcoinfountain.com,1500.0,05/09,Atom,NamePros,may-12-2025,
dpld.com,5000.0,2/20,Afternic,Twitter,february-23-2026,
teachersdirect.com,30500.0,8/9,DomainMarket,Twitter,august-11-2025,
biyax.com,2000.0,7/10,Afternic,Twitter,july-13-2026,
agentissimo.com,12000.0,7/1,Atom,NamePros,july-6-2026,
villaessence.com,150.0,7/3,Afternic,Facebook,july-6-2026,
balticbrands.com,366.0,8/4,Atom,Twitter,august-11-2025,
heybailey.com,1899.0,11/26,Afternic,Twitter,december-1-2025,
giftsurf.com,100.0,2/10,Afternic,Twitter,february-16-2026,
agenticedgeai.com,299.0,4/17,Afternic,Twitter,april-20-2026,
exeliom.com,1995.0,1/31,Spaceship,NamePros,february-2-2026,
kabosu.com,49999.0,05/01,Atom,Twitter,may-5-2025,
dunniu.com,17009.0,8/26,Unknown,Twitter,august-31,
xpdu.com,2488.0,07/01,Afternic,NamePros,july-7-2025,
homerci.com,399.0,7/3,Afternic,Facebook,july-6-2026,
vvxo.com,3000.0,2/20,Afternic,Twitter,february-23-2026,
xdtd.com,3000.0,2/13,Afternic,Twitter,february-16-2026,
augenai.com,3000.0,9/1,Afternic,Twitter,september-7,
waterondemand.com,3288.0,06/29,Afternic,Twitter,june-30-2025,
lemeilleurcasino.com,777.0,5/19,Afternic,Twitter,may-25-2026,
wannaparty.com,6000.0,04/11,Atom,Twitter,april-14-2025,
dazeddispensary.com,250.0,4/19,Spaceship,DomainX,april-20-2026,
jamiil.com,300.0,2/1,Afternic,Facebook,february-2-2026,
sundaebar.com,7500.0,11/6,Afternic,Twitter,november-10-2025,
testosteronetestkit.com,5000.0,06/20,Afternic,Twitter,june-23-2025,
rogerlaw.com,2525.0,04/24,Afternic,Twitter,april-28-2025,
fhql.com,999.0,08/01,Afternic,NamePros,august-4-2025,
flipdubai.com,3500.0,04/24,Afternic,Twitter,april-28-2025,
minelogix.com,999.0,7/13,Spaceship,Twitter,july-20-2026,
onsiteintelligence.com,9895.0,9/12,Afternic,Twitter,september-14,
impugna.com,150.0,9/1,Afternic,Twitter,september-7,
xmentions.com,188.0,8/27,Afternic,Twitter,august-31,
orderofthings.com,7400.0,9/23,DomainMarket,Twitter,september-28,
myautomations.com,1788.0,05/21,Afternic,Twitter,may-26-2025,
funchalcarrental.com,329.0,8/10,Afternic,Twitter,august-17,D
selinis.com,100.0,06/28,Sedo,Twitter,june-30-2025,
apothecacannabis.com,500.0,07/18,DaaZ,Twitter,july-21-2025,
cinemetry.com,599.0,3/9,Afternic,Twitter,march-16-2026,
datastorageai.com,199.0,2/25,Afternic,Twitter,march-2-2026,
alexanderpetrov.com,287.0,8/21,Afternic,Facebook,august-24,
luckywincasino.com,1500.0,12/29,Afternic,Twitter,january-5-2026,
traderstrong.com,169.0,12/30,Afternic,Facebook,january-5-2026,
wrdy.com,1500.0,8/6,Afternic,Twitter,august-10,
vndpay.com,19000.0,2/28,Afternic,Twitter,march-2-2026,
biliva.com,4295.0,05/20,Afternic,NamePros,may-26-2025,
carnetwork.com,19500.0,05/01,Afternic,Twitter,may-5-2025,
homeinspectai.com,499.0,3/5,Afternic,Twitter,march-8-2026,
bestchicagoplasticsurgeon.com,800.0,2/15,Afternic,Twitter,february-16-2026,
projeweller.com,130.0,6/27,Unknown,Twitter,june-29-2026,
hihq.com,5000.0,11/24,Atom,Twitter,december-1-2025,
principleagent.com,3995.0,1/18,Afternic,Twitter,january-19-2026,
mmdcapital.com,1450.0,3/13,Sedo,NamePros,march-16-2026,
oxysure.com,2999.0,5/26,Afternic,Twitter,june-1-2026,
qaha.com,4440.0,7/28,Unknown,Twitter,august-3,
gridlands.com,2495.0,3/16,Atom,Twitter,march-23-2026,
printableguides.com,850.0,3/26,Afternic,,march-30-2026,
sisuit.com,783.0,6/14,Afternic,Facebook,june-15-2026,
turbowins.com,7988.0,2/16,Afternic,Twitter,february-23-2026,
memiri.com,2288.0,7/20,Unknown,NamePros,july-27,
kohlerwellness.com,7800.0,05/16,Afternic,Twitter,may-19-2025,
shopmrsh.com,3000.0,7/1,Afternic,Twitter,july-6-2026,
tecology.com,9500.0,06/06,Afternic,Twitter,june-9-2025,
atlantaworkerscompattorney.com,225.0,7/14,Afternic,Facebook,july-20-2026,
reiscout.com,375.0,1/3,Afternic,Twitter,january-5-2026,
concretelevelingcontractors.com,100.0,5/24,Afternic,Twitter,may-25-2026,
phonenumberai.com,100.0,6/29,Afternic,Facebook,july-6-2026,
semeto.com,3317.0,9/15,Afternic,Twitter,september-21,
vvuf.com,500.0,3/13,Afternic,Twitter,march-16-2026,
futurewholesale.com,4888.0,8/7,DomainMarket,Twitter,august-11-2025,
fondo.com,57500.0,8/3,Unknown,Twitter,august-10,D
rootlongevity.com,1500.0,6/25,Afternic,Twitter,june-29-2026,
caninegpt.com,2988.0,03/31,Afternic,Twitter,april-7-2025,
peptideblend.com,1436.0,2/6,Afternic,Twitter,february-9-2026,
familyofficecyprus.com,600.0,7/18,Afternic,Twitter,july-20-2026,
texastuning.com,250.0,6/24,Afternic,Facebook,june-29-2026,
rrkw.com,2999.0,12/30,Afternic,NamePros,january-5-2026,
deadnettle.com,495.0,3/6,Afternic,Twitter,march-8-2026,
visiblethings.com,499.0,4/13,Afternic,Twitter,april-20-2026,
ihscr.com,152.0,7/23,Afternic,Facebook,july-27,
plaude.com,10000.0,8/23,Escrow,Twitter,august-25-2025,
bittercola.com,4888.0,4/28,DomainMarket,Twitter,may-4-2026,
bitcoinrunes.com,797.0,06/24,Afternic,Twitter,june-30-2025,
basecourier.com,299.0,3/16,Sedo,Twitter,march-23-2026,
holistichealthpractioners.com,299.0,2/2,Afternic,Twitter,february-9-2026,
solarcannabisco.com,650.0,05/07,Private,DomainX,may-12-2025,
tkiq.com,3000.0,7/6,Afternic,Twitter,july-13-2026,
getcabana.com,7818.0,04/16,Atom,Twitter,april-21-2025,
brivin.com,5130.0,9/25,Afternic,Twitter,september-28,
syye.com,300.0,2/25,Afternic,Twitter,march-2-2026,
openoutbound.com,100.0,06/11,Afternic,Twitter,june-16-2025,
upagentic.com,999.0,8/21,Afternic,NamePros,august-25-2025,
cxzf.com,1500.0,4/24,Afternic,Twitter,april-27-2026,
tilvi.com,4750.0,2/25,Afternic,Twitter,march-2-2026,
aresroofing.com,4888.0,1/16,Afternic,NamePros,january-19-2026,
truststand.com,8266.0,5/13,Afternic,Twitter,may-18-2026,
targetonlinemarketing.com,299.0,1/22,Afternic,Twitter,january-26-2026,
racefy.com,5988.0,1/2,Afternic,Twitter,january-5-2026,
atomsource.com,1000.0,7/12,Dynadot,Twitter,july-13-2026,
investingagetntic.com,100.0,6/2,Afternic,Twitter,june-8-2026,
newyorkcityperio.com,200.0,8/18,Atom,Twitter,august-25-2025,
aiwraps.com,5999.0,4/27,Afternic,Twitter,may-4-2026,
aomai.com,4888.0,5/11,DomainMarket,Twitter,may-18-2026,
agenticconnect.com,3500.0,03/23,Afternic,Twitter,march-24-2025,
upperyard.com,3499.0,8/23,Atom,NamePros,august-25-2025,
gobagels.com,1500.0,04/23,Afternic,NamePros,april-28-2025,
seosilver.com,1101.0,1/6,Afternic,Twitter,january-12-2026,
upsellstack.com,499.0,4/26,Afternic,Twitter,april-27-2026,
zingverse.com,2246.0,9/8,Atom,Twitter,september-14,R
fishbattle.com,2488.0,3/11,Afternic,Twitter,march-16-2026,
heirlo.com,1956.0,06/06,Atom,Twitter,june-9-2025,
agerta.com,1649.0,12/8,Atom,Facebook,december-15-2025,
kerasakti.com,488.0,05/23,Sedo,NamePros,may-26-2025,
finkapital.com,1450.0,5/12,Sedo,NamePros,may-18-2026,
oakleaflandscape.com,999.0,04/11,Afternic,DomainX,april-14-2025,
peterschafer.com,199.0,7/23,Afternic,Facebook,july-27,
umanufacturing.com,499.0,4/10,Afternic,Twitter,april-13-2026,
indexnote.com,2488.0,4/8,Spaceship,NamePros,april-13-2026,
joinsaveclub.com,299.0,6/20,Spaceship,Twitter,june-22-2026,
shiftos.com,3749.0,4/28,Atom,Twitter,may-4-2026,
calgarydogwalker.com,300.0,4/28,Afternic,Twitter,may-4-2026,
santabarbarawinecountry.com,2000.0,12/12,Afternic,Twitter,december-15-2025,
recetasaludable.com,355.0,2/4,Spaceship,Twitter,february-9-2026,
aoxm.com,3500.0,5/27,Spaceship,Twitter,june-1-2026,
viewwealth.com,2805.0,1/14,Afternic,Twitter,january-19-2026,
cryptoway.com,21750.0,5/4,Atom,Twitter,may-11-2026,
eaglemultimedia.com,500.0,11/4,Afternic,Twitter,november-10-2025,
ahsk.com,4000.0,8/11,Afternic,Twitter,august-17,
radvex.com,2454.0,6/24,Atom,Twitter,june-29-2026,
limogeneva.com,500.0,2/10,Spaceship,Twitter,february-16-2026,
gamefi.com,300000.0,12/24,Atom,Twitter,december-29-2025,
cashmitra.com,695.0,12/1,Afternic,Twitter,december-8-2025,
agenticmartech.com,999.0,06/24,Afternic,NamePros,june-30-2025,
zarea.com,17000.0,07/06,Afternic,Twitter,july-7-2025,
augustacaraccidentlawyers.com,198.0,07/15,Afternic,Twitter,july-21-2025,
thevelvetexperience.com,120.0,4/16,Afternic,Facebook,april-20-2026,
sqpk.com,499.0,04/01,Afternic,NamePros,april-7-2025,
afghanrestaurant.com,355.0,7/14,Unknown,Twitter,july-20-2026,
getawallet.com,3000.0,7/16,Unknown,NamePros,july-20-2026,
rtcoaching.com,1395.0,05/15,Afternic,Twitter,may-19-2025,
rotastar.com,6000.0,8/7,Afternic,Twitter,august-10,
lubecube.com,1000.0,6/10,Afternic,Twitter,june-15-2026,
testosteronetestkits.com,5000.0,06/20,Afternic,Twitter,june-23-2025,
gtstechnology.com,1999.0,7/24,Afternic,Twitter,july-27,
monetaryapp.com,399.0,2/5,Afternic,Twitter,february-9-2026,
tsku.com,8138.0,8/30,Atom,Twitter,august-31,
qualityasi.com,1499.0,07/03,Afternic,Twitter,july-7-2025,
wukelan.com,746.0,9/7,Unknown,Twitter,september-14,
ripster.com,59888.0,6/16,Atom,Twitter,june-22-2026,
letpeoplework.com,495.0,2/12,Afternic,Facebook,february-16-2026,
tecatlas.com,250.0,4/16,Spaceship,Facebook,april-20-2026,
koastline.com,3495.0,3/26,Afternic,,march-30-2026,
miamichocolate.com,200.0,05/24,Afternic,Twitter,may-26-2025,
thenell.com,25000.0,2/20,Spaceship,Twitter,february-23-2026,
woodenhanger.com,4199.0,06/18,Afternic,Twitter,june-23-2025,
viorre.com,2750.0,7/6,Afternic,Twitter,july-13-2026,
corgi.com,118000.0,3/27,Private,R,march-30-2026,
darkbitcoin.com,100.0,03/24,Atom,Namepros,march-31-2025,
crzb.com,2079.0,8/28,Unknown,Twitter,august-31,
flowcode.com,13900.0,07/17,BrandBucket,Twitter,july-21-2025,
wfek.com,6514.0,9/13,Unknown,Twitter,september-14,D
strolo.com,2426.0,6/16,Afternic,Twitter,june-22-2026,
guestledger.com,2999.0,6/24,Afternic,Twitter,june-29-2026,
residentialrealestateattorney.com,315.0,03/17,Afternic,Twitter,march-24-2025,
paybir.com,275.0,2/25,Sedo,Facebook,march-2-2026,
czechxr.com,3000.0,05/05,Unknown,Twitter,may-12-2025,
pupsie.com,4500.0,07/14,Atom,Twitter,july-21-2025,
bananaprompts.com,199.0,6/11,Spaceship,Twitter,june-15-2026,
newstockholm.com,100.0,3/15,Sedo,NamePros,march-16-2026,
quantumurban.com,100.0,3/15,UD,Facebook,march-16-2026,
aiagentshq.com,299.0,5/7,Afternic,Twitter,may-11-2026,
bithawk.com,8266.0,5/16,Afternic,Twitter,may-18-2026,
juxd.com,2188.0,7/2,Atom,Twitter,july-6-2026,
housevio.com,2888.0,6/23,Atom,Twitter,june-29-2026,
dispensaryproducts.com,3600.0,7/7,Afternic,Twitter,july-13-2026,
bedplacement.com,350.0,6/16,Afternic,Twitter,june-22-2026,
healthhubclinic.com,400.0,07/03,Afternic,Twitter,july-7-2025,
plglegal.com,1000.0,3/17,Spaceship,Twitter,march-23-2026,
erikmaier.com,300.0,9/6,Spaceship,Twitter,september-7,D
johannesburgproperty.com,2888.0,3/13,Afternic,Twitter,march-16-2026,
librisai.com,3488.0,04/02,Afternic,Twitter,april-7-2025,
propcaptechnologies.com,1350.0,12/27,Afternic,Twitter,december-29-2025,
arsify.com,399.0,4/1,Sedo,Twitter,april-6-2026,
heladita.com,13000.0,06/04,DomainMarket,Twitter,june-9-2025,
windbets.com,3749.0,12/1,Atom,Twitter,december-8-2025,
sellmyvinyl.com,295.0,12/8,Afternic,Facebook,december-15-2025,
avoryn.com,6688.0,7/11,Afternic,Twitter,july-13-2026,
denverluxuryapartment.com,150.0,06/06,DaaZ,Twitter,june-9-2025,
licium.com,140000.0,07/17,Saw.com,Twitter,july-21-2025,
tbbgl.com,289.0,6/17,Afternic,Twitter,june-22-2026,
dubaicarbuyer.com,288.0,5/22,Afternic,Twitter,may-25-2026,
biotechasi.com,111.0,5/18,Atom,Twitter,may-25-2026,
authentai.com,2999.0,03/21,Afternic,Twitter,march-24-2025,
arismining.com,17500.0,5/18,Afternic,Twitter,may-25-2026,
aidefend.com,4950.0,8/14,Afternic,Twitter,august-18-2025,
trustenvironment.com,299.0,5/1,Afternic,Twitter,may-4-2026,
dobito.com,2988.0,3/3,Afternic,Twitter,march-8-2026,
victorycard.com,999.0,8/6,Afternic,DomainX,august-11-2025,
qvei.com,2499.0,8/24,Atom,NamePros,august-31,D
theinspirationacademy.com,298.0,5/16,Afternic,Twitter,may-18-2026,
fashionseek.com,2499.0,05/29,Afternic,Twitter,june-2-2025,
pffb.com,4000.0,8/27,Afternic,Twitter,august-31,
tyute.com,4756.0,8/21,Unknown,Twitter,august-24,
qdmd.com,999.0,07/01,Atom,NamePros,july-7-2025,
millionairedraw.com,1250.0,05/30,Afternic,Twitter,june-2-2025,
bemycu.com,200.0,7/13,Afternic,Facebook,july-20-2026,
noesia.com,9888.0,5/5,DomainMarket,Twitter,may-11-2026,
demandpros.com,3600.0,6/10,Afternic,Twitter,june-15-2026,
polypacks.com,299.0,5/6,Afternic,Twitter,may-11-2026,
retiremore.com,1500.0,3/19,Afternic,Twitter,march-23-2026,
sriv.com,5000.0,1/28,Spaceship,DomainX,february-2-2026,
cleraskin.com,599.0,4/3,Afternic,Twitter,april-6-2026,
teamfanapparel.com,400.0,3/13,Afternic,Facebook,march-16-2026,
unionmarkets.com,295.0,7/15,Afternic,Twitter,july-20-2026,
biomasks.com,2880.0,05/26,Sedo,Twitter,june-2-2025,
aperly.com,2199.0,7/14,Afternic,Twitter,july-20-2026,
metawatch.com,289995.0,1/2,Afternic,Twitter,january-5-2026,
carolinapipecleaning.com,499.0,6/1,Afternic,Facebook,june-8-2026,
anypayments.com,1000.0,06/27,Afternic,NamePros,june-30-2025,
keldra.com,3500.0,9/11,Atom,Twitter,september-14,
scrippstech.com,150.0,3/15,Afternic,Facebook,march-16-2026,
techugc.com,1114.0,2/3,Afternic,Twitter,february-9-2026,
cowgorithm.com,1000.0,4/7,Afternic,NamePros,april-13-2026,
zyje.com,500.0,7/17,Afternic,Twitter,july-20-2026,
xiyra.com,100.0,4/23,Atom,Twitter,april-27-2026,
vetrefi.com,2977.0,03/24,Afternic,Twitter,march-31-2025,
skaple.com,2988.0,2/17,Sedo,Twitter,february-23-2026,
peacefarmer.com,1988.0,06/14,Afternic,Twitter,june-16-2025,
animeeditor.com,1488.0,05/25,Afternic,Twitter,may-26-2025,
pistakio.com,4000.0,7/23,Afternic,Twitter,july-27,R
boatridesmiami.com,166.0,12/15,Afternic,Facebook,december-22-2025,
imaginary.com,299.0,5/7,Afternic,Twitter,may-11-2026,
challengetube.com,249.0,4/24,Spaceship,NamePros,april-27-2026,
marlinagent.com,3995.0,6/2,Afternic,Twitter,june-8-2026,
chicagorentalboats.com,150.0,8/21,Afternic,Twitter,august-25-2025,
agon.com,249000.0,3/30,Atom,Twitter,april-6-2026,
quillby.com,4497.0,4/11,Spaceship,Twitter,april-13-2026,
genoconnect.com,3999.0,6/13,Afternic,NamePros,june-15-2026,
jesusthetruth.com,400.0,3/6,Afternic,Twitter,march-8-2026,
orichat.com,420.0,4/13,Afternic,Twitter,april-20-2026,
leorix.com,2930.0,11/24,Afternic,Twitter,december-1-2025,
printgo.com,20000.0,6/5,Atom,Twitter,june-8-2026,
buildplayground.com,169.0,05/17,Afternic,Twitter,may-19-2025,
lickfeet.com,1988.0,7/1,Afternic,Twitter,july-6-2026,
fortdodgeford.com,375.0,2/27,Afternic,Facebook,march-2-2026,
racere.com,1120.0,6/4,Afternic,Twitter,june-8-2026,
picklefriends.com,2988.0,3/16,Afternic,Twitter,march-23-2026,
eigenai.com,17617.0,07/15,Afternic,Twitter,july-21-2025,
coronadopainting.com,250.0,11/8,Afternic,Facebook,november-10-2025,
carvigo.com,3500.0,9/24,Afternic,Twitter,september-28,
instainternational.com,500.0,5/21,Afternic,Twitter,may-25-2026,
yallamall.com,724.0,7/17,Afternic,Twitter,july-20-2026,
stormbit.com,8500.0,3/30,NamePros,AbdulBasit.com,april-6-2026,
hubstead.com,3840.0,6/28,Atom,Twitter,june-29-2026,
stargateinfrastructure.com,750.0,05/23,Afternic,Twitter,may-26-2025,
collabfeed.com,999.0,9/2,Spaceship,Twitter,september-7,R
lyzr.com,50000.0,9/5,Unknown,Twitter,september-7,R
yeasto.com,2999.0,04/03,Atom,NamePros,april-7-2025,
monetaryhq.com,2500.0,6/4,Spaceship,Twitter,june-8-2026,
miamiforensics.com,200.0,6/27,Afternic,Facebook,june-29-2026,
midnight.com,1150000.0,1/5,Sedo,Twitter,january-12-2026,
fedge.com,2600.0,2/12,Unknown,Twitter,february-16-2026,
fitmuslim.com,111.0,5/29,Afternic,Facebook,june-1-2026,
roadmagic.com,4505.0,06/20,Afternic,Twitter,june-23-2025,
clades.com,355.0,7/14,Unknown,Twitter,july-20-2026,
ampdance.com,300.0,3/26,Afternic,,march-30-2026,
hamiltonsquare.com,8000.0,1/22,Afternic,NamePros,january-26-2026,
donstreeservice.com,300.0,3/15,Atom,Twitter,march-16-2026,
agentclearing.com,299.0,4/18,Afternic,Twitter,april-20-2026,
onoffai.com,2195.0,6/6,Afternic,Twitter,june-8-2026,
tznc.com,3500.0,5/19,Spaceship,Twitter,may-25-2026,
libertypump.com,25000.0,5/18,Afternic,Twitter,may-25-2026,
newyorkcustomjewelry.com,200.0,5/29,Afternic,Facebook,june-1-2026,
govirl.com,150.0,2/26,Afternic,Twitter,march-2-2026,
areatreeservice.com,150.0,2/2,Afternic,Twitter,february-9-2026,
profittrigger.com,2999.0,6/8,Afternic,Twitter,june-15-2026,
rork.com,20000.0,8/2,Unknown,Twitter,august-3,D
minesmp.com,3000.0,6/26,Afternic,Twitter,june-29-2026,
southcarolinahomeinspector.com,588.0,05/21,Afternic,Twitter,may-26-2025,
acepays.com,7500.0,12/10,Afternic,Twitter,december-15-2025,
minisudoku.com,6995.0,1/13,Afternic,Twitter,january-19-2026,
authorfranhillyer.com,1499.0,3/28,Afternic,,march-30-2026,
bumps.com,8000.0,8/26,Afternic,Twitter,august-31,
workimo.com,149.0,04/22,Atom,Twitter,april-28-2025,
pupplanner.com,199.0,6/1,Afternic,Facebook,june-8-2026,
aimegaphone.com,100.0,5/3,Afternic,Twitter,may-4-2026,
airytime.com,888.0,06/07,Afternic,Twitter,june-9-2025,
agenticfirst.com,1000.0,06/30,Afternic,NamePros,july-7-2025,
upcustomer.com,100.0,8/15,Afternic,Twitter,august-18-2025,
enumo.com,4699.0,8/18,Afternic,NamePros,august-24,
traveris.com,3200.0,9/26,Afternic,Twitter,september-28,
promptkeep.com,1000.0,07/07,UnstoppableDomains,Twitter,july-14-2025,
humanoidcommander.com,100.0,5/28,Spaceship,Twitter,june-1-2026,
californiapost.com,19888.0,07/03,DomainMarket,Twitter,july-7-2025,
miningforum.com,5000.0,05/31,Afternic,Twitter,june-2-2025,
legandarytechnology.com,3600.0,7/26,Afternic,Twitter,july-27,
healthysmileclinic.com,500.0,05/15,Afternic,Twitter,may-19-2025,
instacloud.com,29888.0,6/29,Afternic,Twitter,july-6-2026,
employio.com,2500.0,3/13,Afternic,Twitter,march-16-2026,
caprasports.com,200.0,8/5,Spaceship,Facebook,august-10,
joinbound.com,2064.0,5/11,Afternic,Twitter,may-18-2026,
roomkey.com,30000.0,11/5,NamesCon,NamesCon,november-10-2025,
viralista.com,2995.0,7/4,BrandBucket,Twitter,july-6-2026,
versatags.com,450.0,1/12,Afternic,Twitter,january-19-2026,
svcog.com,500.0,9/1,Afternic,Twitter,september-7,
artbleding.com,100.0,3/13,Afternic,Twitter,march-16-2026,
whol.com,3500.0,9/20,Atom,Twitter,september-21,
aispecs.com,9988.0,6/4,Afternic,NamePros,june-8-2026,
thesunsetinn.com,4888.0,8/7,DomainMarket,Twitter,august-11-2025,
setterassociates.com,499.0,4/30,Afternic,Twitter,may-4-2026,
revanna.com,19888.0,11/4,DomainMarket,Twitter,november-10-2025,
bigroncoleman.com,2175.0,3/2,Afternic,Twitter,march-8-2026,
fitlifefitness.com,300.0,2/2,Afternic,Twitter,february-9-2026,
fastledger.com,4000.0,6/8,Spaceship,Twitter,june-15-2026,
slotthailand.com,7000.0,04/28,Afternic,Twitter,may-5-2025,
everydayelectric.com,94888.0,3/11,DomainMarket,Twitter,march-16-2026,
apalife.com,2588.0,07/10,Afternic,Twitter,july-14-2025,
nvidai.com,4888.0,1/14,Afternic,Twitter,january-19-2026,
legacyreserve.com,7999.0,12/17,DomainMarket,Twitter,december-22-2025,
ztxc.com,2000.0,4/23,Afternic,Twitter,april-27-2026,
simarkets.com,1050.0,5/18,Afternic,Twitter,may-25-2026,
foamfox.com,4995.0,06/11,Atom,Twitter,june-16-2025,
luvohealth.com,1988.0,12/16,GoDaddy,Twitter,december-22-2025,
aidrivex.com,475.0,5/3,Afternic,Facebook,may-4-2026,
carethemost.com,9500.0,06/12,Afternic,Twitter,june-16-2025,
realestatehvar.com,1000.0,7/14,Afternic,Twitter,july-20-2026,
auraflame.com,3099.0,07/17,Atom,NamePros,july-21-2025,
beel.com,88838.0,8/14,Atom,Twitter,august-17,D
glutenfreepastries.com,1999.0,11/4,Afternic,Twitter,november-10-2025,
aibros.com,899.0,7/13,Spaceship,Twitter,july-20-2026,
tubehouse.com,499.0,5/7,Afternic,Twitter,may-11-2026,
defiallodds.com,9888.0,06/07,Afternic,Twitter,june-9-2025,
caffeineboost.com,8988.0,7/3,Afternic,Twitter,july-6-2026,
tibc.com,3000.0,4/21,Afternic,Twitter,april-27-2026,
krepto.com,3299.0,07/15,Atom,Twitter,july-21-2025,
luxuryrentalvacation.com,323.0,05/04,Afternic,Twitter,may-5-2025,
resolight.com,2500.0,8/11,Afternic,Twitter,august-17,
paytiva.com,2245.0,6/18,Atom,Twitter,june-22-2026,
nylk.com,3999.0,04/22,Afternic,NamePros,april-28-2025,
fengine.com,7000.0,12/22,Spaceship,Twitter,december-29-2025,
zallet.com,4925.0,1/20,Spaceship,NamePros,january-26-2026,
americantallow.com,599.0,1/12,Afternic,Twitter,january-19-2026,
multiplyd.com,2899.0,4/21,Afternic,Twitter,april-27-2026,
milkduck.com,1266.0,05/23,Atom,Twitter,may-26-2025,
americanascent.com,9888.0,5/11,DomainMarket,Twitter,may-18-2026,
railmasters.com,999.0,1/30,Afternic,Twitter,february-2-2026,
mediadirect.com,499.0,4/30,Afternic,Twitter,may-4-2026,
hexabot.com,800.0,7/4,Dan,Twitter,july-6-2026,
clinebot.com,300.0,8/8,Spaceship,NamePros,august-11-2025,
ardboe.com,1839.0,4/10,Afternic,Twitter,april-13-2026,
thonder.com,5004.0,04/13,Brandpa,NamePros,april-14-2025,
unleashyourbrand.com,8888.0,8/20,DomainMarket,Twitter,august-25-2025,
offgridcontainerhomes.com,4999.0,8/5,Afternic,Twitter,august-10,D
alchemyofart.com,19888.0,1/9,DomainMarket,Twitter,january-12-2026,
jlkk.com,999.0,04/01,Afternic,NamePros,april-7-2025,
webuyforeigncoins.com,400.0,04/21,Dan,Twitter,april-28-2025,
fzxq.com,500.0,3/3,Spaceship,Twitter,march-8-2026,
syncrobotics.com,5275.0,6/1,Spaceship,Twitter,june-8-2026,
valilabs.com,2196.0,04/23,Atom,Twitter,april-28-2025,
sunofthebeach.com,4888.0,7/7,DomainMarket,Twitter,july-13-2026,
luxw.com,4652.0,9/16,Unknown,Twitter,september-21,D
quantummakers.com,2706.0,4/10,Afternic,Twitter,april-13-2026,
paydux.com,2202.0,6/30,Atom,Twitter,july-6-2026,
cityedit.com,499.0,5/7,Afternic,Twitter,may-11-2026,
wickedpickleball.com,1577.0,04/04,Afternic,Twitter,april-7-2025,
processdoc.com,3850.0,4/3,Afternic,Twitter,april-6-2026,
gaioffice.com,1988.0,07/17,Sedo,NamePros,july-21-2025,
ljtu.com,160.0,1/28,Atom,Twitter,february-2-2026,
carolinapropertymanagement.com,10000.0,4/17,DomainMarket,Twitter,april-20-2026,
tixbay.com,3288.0,08/03,Atom,Twitter,august-4-2025,
greyi.com,3299.0,5/6,Afternic,NamePros,may-11-2026,
bakerhealth.com,19888.0,8/6,DomainMarket,Twitter,august-11-2025,
founderapp.com,3500.0,05/15,Afternic,Twitter,may-19-2025,
bodyconcierge.com,3988.0,7/3,Afternic,Twitter,july-6-2026,
emreyapi.com,525.0,9/26,Afternic,Twitter,september-28,
oleave.com,1250.0,7/6,Dynadot,Twitter,july-13-2026,
crates.com,19950.0,2/19,Afternic,Twitter,february-23-2026,
precisionhealthclinics.com,285.0,7/6,Afternic,Facebook,july-13-2026,
orlandocustomcabinets.com,399.0,3/1,Afternic,Twitter,march-2-2026,
soleytx.com,2999.0,8/10,Afternic,Twitter,august-17,
platingfood.com,499.0,12/2,Afternic,Facebook,december-8-2025,
askjimmy.com,1499.0,4/15,Afternic,Twitter,april-20-2026,
tecateroofing.com,350.0,4/4,Afternic,Facebook,april-6-2026,
risechain.com,3500.0,04/13,Afternic,Twitter,april-14-2025,
zxwm.com,500.0,6/12,Afternic,Twitter,june-15-2026,
ovationlabs.com,3248.0,06/27,Afternic,Twitter,june-30-2025,
testscores.com,5750.0,11/5,NamesCon,NamesCon,november-10-2025,
arrival.com,450.0,2/12,Unknown,Twitter,february-16-2026,
bridgecapitalgroup.com,299.0,5/9,Afternic,Twitter,may-11-2026,
onlinebilling.com,75000.0,06/17,Dan,Twitter,june-23-2025,
lugg.com,50000.0,8/3,Unknown,Twitter,august-10,D
voyge.com,3500.0,7/3,GoDaddy,Twitter,july-6-2026,
findodds.com,109.0,6/5,Afternic,Twitter,june-8-2026,
pceai.com,500.0,1/8,Sedo,Twitter,january-12-2026,
iptheft.com,8888.0,5/14,Afternic,Twitter,may-18-2026,
bellinghamroofer.com,555.0,2/10,Afternic,Twitter,february-16-2026,
birminghamalabamahomes.com,200.0,6/2,Afternic,Twitter,june-8-2026,
jjzb.com,7714.0,8/3,Unknown,Twitter,august-10,
wavecleaners.com,350.0,2/7,Afternic,Facebook,february-9-2026,
thomaswilliamson.com,199.0,4/4,Afternic,Facebook,april-6-2026,
basketballway.com,8500.0,06/16,Saw.com,Twitter,june-23-2025,
althistory.com,20000.0,06/08,DomainMarket,Twitter,june-9-2025,
propertyevictions.com,499.0,5/9,Afternic,Twitter,may-11-2026,
incomingo.com,2000.0,04/04,Afternic,NamePros,april-7-2025,
coronaliving.com,299.0,7/8,Afternic,NamePros,july-13-2026,
healthcareclass.com,2999.0,8/14,Afternic,Twitter,august-18-2025,
servepickleball.com,1999.0,03/21,Afternic,Twitter,march-24-2025,
kanapy.com,5699.0,9/6,Afternic,Twitter,september-7,
spokn.com,9999.0,07/07,Sedo,Twitter,july-14-2025,
juicyescort.com,100.0,3/8,Sedo,NamePros,march-8-2026,
eastgrove.com,25000.0,6/17,DomainMarket,Twitter,june-22-2026,
tikapi.com,5799.0,04/14,Atom,Twitter,april-21-2025,
prismanews.com,1000.0,7/26,Afternic,Twitter,july-27,D
stevejohnsen.com,150.0,4/4,Afternic,Facebook,april-6-2026,
clicklyai.com,200.0,3/12,Spaceship,Twitter,march-16-2026,
houseofbrains.com,2199.0,6/27,Afternic,Twitter,june-29-2026,
gogoev.com,4399.0,05/23,Afternic,Twitter,may-26-2025,
adpd.com,6000.0,3/19,Afternic,Twitter,march-23-2026,
prayernote.com,299.0,4/30,Afternic,Twitter,may-4-2026,
approvalgenius.com,3959.0,05/21,Afternic,Twitter,may-26-2025,
eonetics.com,3950.0,8/26,Afternic,Twitter,august-31,
jltt.com,999.0,04/01,Afternic,NamePros,april-7-2025,
implantdentaireparis.com,2345.0,7/24,Afternic,Twitter,july-27,R
feedbet.com,2495.0,3/21,Afternic,Twitter,march-23-2026,
gaincs.com,479.0,12/30,Afternic,Twitter,january-5-2026,
freedomfreak.com,599.0,03/20,Afternic,DomainX,march-24-2025,
automassage.com,8888.0,06/16,DomainMarket,Twitter,june-23-2025,
sbxai.com,4808.0,9/13,Atom,Twitter,september-14,
shareabook.com,4888.0,8/7,DomainMarket,Twitter,august-11-2025,
thedelfino.com,2995.0,12/17,Unknown,Twitter,december-22-2025,
bangkokrooftop.com,450.0,12/18,Afternic,Twitter,december-22-2025,
foresttreeservice.com,200.0,1/29,Afternic,Twitter,february-2-2026,
designgpt.com,35000.0,8/5,Spaceship,Twitter,august-11-2025,
gxww.com,500.0,3/13,Afternic,Twitter,march-16-2026,
seedstoharvest.com,299.0,4/12,Afternic,Twitter,april-13-2026,
twoany.com,100.0,5/19,Spaceship,Twitter,may-25-2026,
ainingbo.com,1304.0,7/29,Unknown,Twitter,august-3,
encomcorp.com,199.0,8/12,Afternic,Twitter,august-17,
pullsy.com,2299.0,4/23,Atom,NamePros,april-27-2026,
dgf.com,45000.0,7/18,Sedo,Twitter,july-20-2026,
keniq.com,2274.0,6/21,Atom,Twitter,june-22-2026,
bluelimetech.com,370.0,5/18,Escrow,Facebook,may-25-2026,
silsila.com,15500.0,2/22,Afternic,DomainX,february-23-2026,
clawmatic.com,2988.0,6/6,Afternic,Twitter,june-8-2026,
photographertokyo.com,500.0,4/29,Afternic,Twitter,may-4-2026,
homevital.com,475.0,7/14,Unknown,Twitter,july-20-2026,
anevo.com,13000.0,4/16,Escrow,Twitter,april-20-2026,
sheinstar.com,2338.0,07/09,Atom,NamePros,july-14-2025,
aireno.com,4988.0,7/21,Sedo,Twitter,july-27,
