domain,join_by,seller,bid,tokens,word_count,sld_len,type,rdap_created
petswithpersonalities.com,10/08/2026 07:45,Drop,79,pets with personalities,3,21,descriptive_other,2012-07-20
usgreenfree.com,10/08/2026 07:45,Drop,79,us green free,3,11,descriptive_other,2007-07-21
musclerace.com,10/09/2026 07:45,Drop,79,muscle race,2,10,descriptive_other,2015-07-23
methospitality.com,10/07/2026 07:45,Drop,79,met hospitality,2,14,descriptive_other,2001-07-19
properinvestusa.com,10/09/2026 07:45,Drop,79,proper invest usa,3,15,descriptive_other,2013-08-22
ourfriendleo.com,10/08/2026 07:45,Drop,79,our friend leo,3,12,descriptive_other,2012-07-20
rafoiluae.com,10/09/2026 07:45,Drop,79,raf oil uae,3,9,descriptive_other,2015-07-22
secondsection.com,10/07/2026 07:45,Drop,79,second section,2,13,descriptive_other,2010-07-21
trustedtreeremoval.com,10/09/2026 07:45,Drop,79,trusted tree removal,3,18,service_keyword,2014-07-22
tenantsservices.com,10/06/2026 07:45,Drop,79,tenants services,2,15,descriptive_other,2002-07-29
virtualchipexchange.com,10/08/2026 07:45,Drop,79,virtual chip exchange,3,19,descriptive_other,1998-07-23
lendmymoney.com,10/09/2026 07:45,Drop,79,lend my money,3,11,descriptive_other,2015-07-22
victoryoverdebts.com,10/06/2026 07:45,Drop,79,victory over debts,3,16,descriptive_other,2008-07-19
premierbirthcenter.com,10/08/2026 07:45,Drop,79,premier birth center,3,18,descriptive_other,2015-07-20
garygraygallery.com,10/08/2026 07:45,Drop,79,gary gray gallery,3,15,descriptive_other,2010-07-21
myphotodesigns.com,10/09/2026 07:45,Drop,79,my photo designs,3,14,descriptive_other,2004-07-22
cannabisseedstock.com,10/08/2026 07:45,Drop,79,cannabis seed stock,3,17,descriptive_other,2010-07-23
ironarmourgroup.com,10/08/2026 07:45,Drop,79,iron armour group,3,15,descriptive_other,2014-07-22
dynamicdivers.com,10/06/2026 07:45,Drop,79,dynamic divers,2,13,descriptive_other,2014-07-19
davidsoncloud.com,10/07/2026 07:45,Drop,79,davidson cloud,2,13,tech_compliance,2014-07-21
bradleymartin.com,10/09/2026 07:45,Drop,79,bradley martin,2,13,descriptive_other,2003-07-21
parkforestinsurance.com,10/09/2026 07:45,Drop,79,park forest insurance,3,19,service_keyword,2008-07-22
redlikepolish.com,10/06/2026 07:45,Drop,79,red like polish,3,13,descriptive_other,2013-07-18
familyresourcelink.com,10/07/2026 07:45,Drop,79,family resource link,3,18,descriptive_other,2015-07-20
humblecoffeemerchant.com,10/09/2026 07:45,Drop,79,humble coffee merchant,3,20,service_keyword,2005-07-22
jesscloset.com,10/09/2026 07:45,Drop,79,jess closet,2,10,descriptive_other,2014-07-23
opencartexperts.com,10/07/2026 07:45,Drop,79,open cart experts,3,15,descriptive_other,2010-07-20
moviestargold.com,10/07/2026 07:45,Drop,79,movie star gold,3,13,descriptive_other,2013-07-20
foolishhearts.com,10/06/2026 07:45,Drop,79,foolish hearts,2,13,descriptive_other,2005-07-19
promotioncircle.com,10/06/2026 07:45,Drop,79,promotion circle,2,15,descriptive_other,2010-07-19
digitalalan.com,10/06/2026 07:45,Drop,79,digital alan,2,11,tech_compliance,2003-07-19
gofloodgo.com,10/07/2026 07:45,Drop,79,go flood go,3,9,descriptive_other,2014-07-19
woodenboatinsurance.com,10/08/2026 07:45,Drop,79,wooden boat insurance,3,19,service_keyword,2002-07-20
productownercoaching.com,10/09/2026 07:45,Drop,79,product owner coaching,3,20,descriptive_other,2013-07-21
highviewmanagement.com,10/08/2026 07:45,Drop,79,high view management,3,18,descriptive_other,2000-10-22
infiniteinteraction.com,10/06/2026 07:45,Drop,79,infinite interaction,2,19,descriptive_other,2011-07-29
larryallenthomas.com,10/08/2026 07:45,Drop,79,larry allen thomas,3,16,descriptive_other,2007-07-21
businesscomputerhelp.com,10/06/2026 07:45,Drop,79,business computer help,3,20,descriptive_other,2004-07-19
woodfieldcommunity.com,10/06/2026 07:45,Drop,79,wood field community,3,18,descriptive_other,2015-07-20
nerdbirdsystems.com,10/07/2026 07:45,Drop,79,nerd bird systems,3,15,descriptive_other,2015-07-20
lilyashley.com,10/06/2026 07:45,Drop,79,lily ashley,2,10,descriptive_other,2005-07-20
thegermantable.com,10/07/2026 07:45,Drop,79,the german table,3,14,descriptive_other,2012-07-19
celebritystupidity.com,10/06/2026 07:45,Drop,79,celebrity stupidity,2,18,descriptive_other,2013-07-19
marygoward.com,10/09/2026 07:45,Drop,79,mary go ward,3,10,descriptive_other,2015-07-22
automaticblog.com,10/07/2026 07:45,Drop,79,automatic blog,2,13,descriptive_other,2005-07-21
alphabetobsession.com,10/08/2026 07:45,Drop,79,alphabet obsession,2,17,descriptive_other,2013-07-22
kimtedford.com,10/06/2026 07:45,Drop,79,kim ted ford,3,10,descriptive_other,2011-10-20
collarboxing.com,10/09/2026 07:45,Drop,79,collar boxing,2,12,descriptive_other,2014-07-23
djflyrice.com,10/09/2026 07:45,Drop,79,dj fly rice,3,9,descriptive_other,2015-07-22
highconsultant.com,10/09/2026 07:45,Drop,79,high consultant,2,14,descriptive_other,2015-07-21
willcopainting.com,10/06/2026 07:45,Drop,79,will co painting,3,14,service_keyword,2004-07-19
drugrehabsavage.com,10/08/2026 07:45,Drop,79,drug rehab savage,3,15,service_keyword,2010-07-21
dollarcool.com,10/09/2026 07:45,Drop,79,dollar cool,2,10,descriptive_other,2011-07-23
revenuedriveninvestments.com,10/07/2026 07:45,Drop,79,revenue driven investments,3,24,descriptive_other,2015-07-22
awardreadingonline.com,10/08/2026 07:45,Drop,79,award reading online,3,18,tech_compliance,2009-07-21
leoprepsystem.com,10/08/2026 07:45,Drop,79,leo prep system,3,13,descriptive_other,2015-07-21
moorerepairshop.com,10/09/2026 07:45,Drop,79,moore repair shop,3,15,service_keyword,2011-07-21
senbencapital.com,10/08/2026 07:45,Drop,79,sen ben capital,3,13,descriptive_other,2015-08-01
mergercentre.com,10/07/2026 07:45,Drop,79,merger centre,2,12,descriptive_other,2012-07-21
alphabusinessinc.com,10/08/2026 07:45,Drop,79,alpha business inc,3,16,descriptive_other,2011-07-21
longtim.com,10/08/2026 07:45,Drop,79,long tim,2,7,descriptive_other,2008-07-23
mrsjetset.com,10/06/2026 07:45,Drop,79,mrs jet set,3,9,descriptive_other,2011-07-19
healthforchampions.com,10/07/2026 07:45,Drop,79,health for champions,3,18,descriptive_other,2010-07-20
caseybigenergy.com,10/07/2026 07:45,Drop,79,casey big energy,3,14,tech_compliance,2010-07-20
liamdante.com,10/09/2026 07:45,Drop,79,liam dante,2,9,descriptive_other,2012-07-22
alanint.com,10/08/2026 07:45,Drop,79,alan int,2,7,descriptive_other,2005-07-22
creativemediafinance.com,10/08/2026 07:45,Drop,79,creative media finance,3,20,tech_compliance,2015-07-21
pixelparkny.com,10/07/2026 07:45,Drop,79,pixel park ny,3,11,descriptive_other,2004-09-24
