alt,chars,created,dict_all,domain,first_yr,label,minz,n200,n_caps,netorg_before,netorg_now,one_word,prior,share,span,tlds_n,wb,words
0,21,2012-07-20,,petswithpersonalities.com,,dropped,,,,,,,,0.0,,,0,3
0,11,2007-07-21,,usgreenfree.com,,dropped,,,,,,,,0.0,,,0,3
0,10,2015-07-23,1,musclerace.com,2015,dropped,4.44,4,7,0,0,0,1,0.9,4,0,1,2
0,14,2001-07-19,1,methospitality.com,2001,dropped,3.9,55,63,0,0,0,1,0.9,25,0,1,2
0,15,2013-08-22,,properinvestusa.com,,dropped,,,,,,,,0.0,,,0,3
0,12,2012-07-20,,ourfriendleo.com,,dropped,,,,,,,,0.0,,,0,3
0,9,2015-07-22,,rafoiluae.com,,dropped,,,,,,,,0.0,,,0,3
0,13,2010-07-21,1,secondsection.com,2005,dropped,5.0,4,18,0,0,0,1,0.7,21,0,1,2
0,18,2014-07-22,,trustedtreeremoval.com,,dropped,,,,,,,,0.15,,,0,3
0,15,2002-07-29,1,tenantsservices.com,2002,dropped,3.88,111,125,0,0,0,1,0.5,24,0,1,2
0,19,1998-07-23,,virtualchipexchange.com,,dropped,,,,,,,,0.0,,,0,3
0,11,2015-07-22,,lendmymoney.com,,dropped,,,,,,,,0.0,,,0,3
0,16,2008-07-19,,victoryoverdebts.com,,dropped,,,,,,,,0.0,,,0,3
0,18,2015-07-20,,premierbirthcenter.com,,dropped,,,,,,,,0.05,,,0,3
0,15,2010-07-21,,garygraygallery.com,,dropped,,,,,,,,0.0,,,0,3
0,14,2004-07-22,,myphotodesigns.com,,dropped,,,,,,,,0.15,,,0,3
0,17,2010-07-23,,cannabisseedstock.com,,dropped,,,,,,,,0.0,,,0,3
0,15,2014-07-22,,ironarmourgroup.com,,dropped,,,,,,,,0.0,,,0,3
0,13,2014-07-19,1,dynamicdivers.com,2011,dropped,3.63,17,22,0,1,0,1,0.85,15,1,1,2
0,13,2014-07-21,1,davidsoncloud.com,2018,dropped,3.8,3,4,0,0,0,1,0.55,8,0,1,2
0,13,2003-07-21,1,bradleymartin.com,2001,dropped,4.01,17,33,0,1,0,1,0.3,21,5,1,2
0,19,2008-07-22,,parkforestinsurance.com,,dropped,,,,,,,,0.05,,,0,3
0,13,2013-07-18,,redlikepolish.com,,dropped,,,,,,,,0.0,,,0,3
1,18,2015-07-20,,familyresourcelink.com,,dropped,,,,,,,,0.0,,,0,3
0,20,2005-07-22,,humblecoffeemerchant.com,,dropped,,,,,,,,0.0,,,0,3
0,10,2014-07-23,1,jesscloset.com,2015,dropped,3.66,0,9,0,0,0,1,0.65,11,0,1,2
0,15,2010-07-20,,opencartexperts.com,,dropped,,,,,,,,0.05,,,0,3
0,13,2013-07-20,,moviestargold.com,,dropped,,,,,,,,0.1,,,0,3
0,13,2005-07-19,1,foolishhearts.com,2001,dropped,3.89,4,17,0,0,0,1,0.45,25,0,1,2
0,15,2010-07-19,1,promotioncircle.com,2006,dropped,4.41,19,21,0,0,0,1,0.85,20,0,1,2
0,11,2003-07-19,1,digitalalan.com,2003,dropped,4.45,49,69,0,0,0,1,0.55,23,0,1,2
0,9,2014-07-19,,gofloodgo.com,,dropped,,,,,,,,0.0,,,0,3
0,19,2002-07-20,,woodenboatinsurance.com,,dropped,,,,,,,,0.1,,,0,3
0,20,2013-07-21,,productownercoaching.com,,dropped,,,,,,,,0.0,,,0,3
0,18,2000-10-22,,highviewmanagement.com,,dropped,,,,,,,,0.05,,,0,3
0,19,2011-07-29,1,infiniteinteraction.com,2004,dropped,4.16,11,32,0,0,0,1,0.6,22,0,1,2
0,16,2007-07-21,,larryallenthomas.com,,dropped,,,,,,,,0.0,,,0,3
0,20,2004-07-19,,businesscomputerhelp.com,,dropped,,,,,,,,0.05,,,0,3
2,18,2015-07-20,,woodfieldcommunity.com,,dropped,,,,,,,,0.05,,,0,3
0,15,2015-07-20,,nerdbirdsystems.com,,dropped,,,,,,,,0.0,,,0,3
0,10,2005-07-20,1,lilyashley.com,2010,dropped,3.95,16,17,0,0,0,1,0.4,16,1,1,2
0,14,2012-07-19,,thegermantable.com,,dropped,,,,,,,,0.0,,,0,3
0,18,2013-07-19,1,celebritystupidity.com,2011,dropped,3.66,13,15,0,0,0,1,0.45,15,0,1,2
0,10,2015-07-22,,marygoward.com,,dropped,,,,,,,,0.0,,,0,3
0,13,2005-07-21,1,automaticblog.com,2009,dropped,4.36,56,62,0,0,0,1,0.95,17,2,1,2
0,17,2013-07-22,1,alphabetobsession.com,2018,dropped,3.7,3,4,0,0,0,1,0.3,7,0,1,2
0,10,2011-10-20,,kimtedford.com,,dropped,,,,,,,,0.0,,,0,3
0,12,2014-07-23,1,collarboxing.com,2018,dropped,4.04,0,3,0,0,0,1,0.4,8,0,1,2
0,9,2015-07-22,,djflyrice.com,,dropped,,,,,,,,0.0,,,0,3
0,14,2015-07-21,1,highconsultant.com,2018,dropped,4.13,1,4,0,0,0,1,0.95,8,0,1,2
0,14,2004-07-19,,willcopainting.com,,dropped,,,,,,,,0.0,,,0,3
0,15,2010-07-21,,drugrehabsavage.com,,dropped,,,,,,,,0.1,,,0,3
0,10,2011-07-23,1,dollarcool.com,2011,dropped,4.59,1,14,0,0,0,1,0.85,15,0,1,2
0,24,2015-07-22,,revenuedriveninvestments.com,,dropped,,,,,,,,0.0,,,0,3
0,18,2009-07-21,,awardreadingonline.com,,dropped,,,,,,,,0.0,,,0,3
0,13,2015-07-21,,leoprepsystem.com,,dropped,,,,,,,,0.05,,,0,3
0,15,2011-07-21,,moorerepairshop.com,,dropped,,,,,,,,0.05,,,0,3
0,13,2015-08-01,,senbencapital.com,,dropped,,,,,,,,0.0,,,0,3
0,12,2012-07-21,1,mergercentre.com,2013,dropped,3.97,10,21,0,0,0,1,0.75,13,0,1,2
0,16,2011-07-21,,alphabusinessinc.com,,dropped,,,,,,,,0.1,,,0,3
0,7,2008-07-23,1,longtim.com,2004,dropped,4.51,10,19,0,0,0,1,0.7,22,0,1,2
0,9,2011-07-19,,mrsjetset.com,,dropped,,,,,,,,0.05,,,0,3
0,18,2010-07-20,,healthforchampions.com,,dropped,,,,,,,,0.0,,,0,3
0,14,2010-07-20,,caseybigenergy.com,,dropped,,,,,,,,0.0,,,0,3
0,9,2012-07-22,1,liamdante.com,2010,dropped,3.61,6,16,0,0,0,1,0.35,16,0,1,2
0,7,2005-07-22,1,alanint.com,2010,dropped,3.79,26,33,0,0,0,1,0.75,16,1,1,2
0,20,2015-07-21,1,creativemediafinance.com,2016,dropped,4.6,20,38,0,0,0,1,0.2,8,0,1,3
0,11,2004-09-24,,pixelparkny.com,,dropped,,,,,,,,0.0,,,0,3
