petswithpersonalities.com	1996	20261006
usgreenfree.com	1996	20261006
musclerace.com	1996	20261006
methospitality.com	1996	20261006
properinvestusa.com	1996	20261006
ourfriendleo.com	1996	20261006
rafoiluae.com	1996	20261006
secondsection.com	1996	20261006
trustedtreeremoval.com	1996	20261006
tenantsservices.com	1996	20261006
virtualchipexchange.com	1996	20261006
lendmymoney.com	1996	20261006
victoryoverdebts.com	1996	20261006
premierbirthcenter.com	1996	20261006
garygraygallery.com	1996	20261006
myphotodesigns.com	1996	20261006
cannabisseedstock.com	1996	20261006
ironarmourgroup.com	1996	20261006
dynamicdivers.com	1996	20261006
davidsoncloud.com	1996	20261006
bradleymartin.com	1996	20261006
parkforestinsurance.com	1996	20261006
redlikepolish.com	1996	20261006
familyresourcelink.com	1996	20261006
humblecoffeemerchant.com	1996	20261006
jesscloset.com	1996	20261006
opencartexperts.com	1996	20261006
moviestargold.com	1996	20261006
foolishhearts.com	1996	20261006
promotioncircle.com	1996	20261006
digitalalan.com	1996	20261006
gofloodgo.com	1996	20261006
woodenboatinsurance.com	1996	20261006
productownercoaching.com	1996	20261006
highviewmanagement.com	1996	20261006
infiniteinteraction.com	1996	20261006
larryallenthomas.com	1996	20261006
businesscomputerhelp.com	1996	20261006
woodfieldcommunity.com	1996	20261006
nerdbirdsystems.com	1996	20261006
lilyashley.com	1996	20261006
thegermantable.com	1996	20261006
celebritystupidity.com	1996	20261006
marygoward.com	1996	20261006
automaticblog.com	1996	20261006
alphabetobsession.com	1996	20261006
kimtedford.com	1996	20261006
collarboxing.com	1996	20261006
djflyrice.com	1996	20261006
highconsultant.com	1996	20261006
willcopainting.com	1996	20261006
drugrehabsavage.com	1996	20261006
dollarcool.com	1996	20261006
revenuedriveninvestments.com	1996	20261006
awardreadingonline.com	1996	20261006
leoprepsystem.com	1996	20261006
moorerepairshop.com	1996	20261006
senbencapital.com	1996	20261006
mergercentre.com	1996	20261006
alphabusinessinc.com	1996	20261006
longtim.com	1996	20261006
mrsjetset.com	1996	20261006
healthforchampions.com	1996	20261006
caseybigenergy.com	1996	20261006
liamdante.com	1996	20261006
alanint.com	1996	20261006
creativemediafinance.com	1996	20261006
pixelparkny.com	1996	20261006
