safireai.com	1996	20250915
loanfusioncentral.com	1996	20250720
jordansjewelry.com	1996	20240627
mariolaserefforts.com	1996	20240719
azaleacounseling.com	1996	20251010
letmonkcash.com	1996	20250729
theintelligencecompany.com	1996	20230824
peaceoverpetty.com	1996	20250721
blueflamelab.com	1996	20250424
safesitedemolition.com	1996	20240721
stringlines.com	1996	20251117
startclickconvert.com	1996	20250724
agisilicon.com	1996	20230514
themercydraft.com	1996	20250723
fairwaydeals.com	1996	20250113
emeraldhudson.com	1996	20250721
aptusventures.com	1996	20231104
getfilestage.com	1996	20250721
holisticwellcare.com	1996	20240417
woodsunny.com	1996	20250729
lowerbound.com	1996	20230415
quotefromhere.com	1996	20250721
getello.com	1996	20230908
shootsflow.com	1996	20250721
facilitymanagementconsulting.com	1996	20260225
willowgracecandle.com	1996	20250723
virtuallyfunny.com	1996	20250530
russellstruck.com	1996	20250729
carinjuryaccidentlawyer.com	1996	20251214
summitviewelectric.com	1996	20210722
omgmed.com	1996	20250905
thebetblog.com	1996	20250719
terranovaprojects.com	1996	20260518
blacknewsgroup.com	1996	20250719
projectmanagercareer.com	1996	20251009
gainbus.com	1996	20250722
americanpowerline.com	1996	20230818
fostertrades.com	1996	20240827
deepharness.com	1996	20251027
emmahamiltonwrites.com	1996	20240721
colossalcommerce.com	1996	20260111
goldbabyhome.com	1996	20250729
mybuildhub.com	1996	20251230
ticketfood.com	1996	20250723
wiserbuild.com	1996	20240922
burnfatkit.com	1996	20250722
nursingtutoring.com	1996	20250719
cartergroupofficial.com	1996	20250718
blackboxhosting.com	1996	20250308
feedingamericacup.com	1996	20250523
shoredecker.com	1996	20260318
idealfusionllc.com	1996	20220721
betfrost.com	1996	20250307
newindiavoice.com	1996	20220721
darkgrade.com	1996	20251030
trymanly.com	1996	20250722
aihomeideas.com	1996	20251006
forevertodaydecor.com	1996	20250721
largestevents.com	1996	20250806
aicodingblog.com	1996	20250722
testaweb.com	1996	20250811
bestcoprice.com	1996	20250720
clsauto.com	1996	20251008
muddyworms.com	1996	20250723
cheapestpetinsurance.com	1996	20241201
greedofficial.com	1996	20230721
chilicars.com	1996	20251119
changethatlaw.com	1996	20250723
jellytoken.com	1996	20250130
raceflip.com	1996	20250720
aidurable.com	1996	20250714
opennewsstack.com	1996	20250720
parivo.com	1996	20250507
plasticsurgerywonder.com	1996	20250720
advancedaestheticsacademy.com	1996	20250822
aibookmagic.com	1996	20240721
haladrive.com	1996	20240523
vincentryan.com	1996	20250720
opencoworker.com	1996	20250407
vrtimeline.com	1996	20210722
alcovefitness.com	1996	20240418
defrigged.com	1996	20230720
armsauctions.com	1996	20240305
crystalmagicshop.com	1996	20250720
incometrick.com	1996	20241001
pixelpulsephotography.com	1996	20240818
purplegpt.com	1996	20240504
nicholasallbright.com	1996	20250722
samplescents.com	1996	20241010
ripeglobalgathering.com	1996	20210719
boredweb.com	1996	20240128
therapystorage.com	1996	20250722
blackholing.com	1996	20250305
paradisetradesolution.com	1996	20250722
macroagentic.com	1996	20250116
johnpatience.com	1996	20250717
cybersecurityunion.com	1996	20260122
chahill.com	1996	20250721
onlinedigitalservices.com	1996	20241113
publicitymusic.com	1996	20250722
crystalbridgesmuseum.com	1996	20241231
marhidesign.com	1996	20250718
agorafunds.com	1996	20241220
kirksite.com	1996	20240721
agibeast.com	1996	20250222
thirddowntherapy.com	1996	20250720
simplydirt.com	1996	20250724
settlementglobal.com	1996	20250721
milanonailspa.com	1996	20250512
davidjenkinstraining.com	1996	20250720
pathwayhomemortgage.com	1996	20250214
guildalehouse.com	1996	20250719
bnbpot.com	1996	20240120
elitetrackingservices.com	1996	20250723
futureoperator.com	1996	20240723
shockingproducts.com	1996	20240721
ecmtek.com	1996	20241231
kentensports.com	1996	20220721
tridentsecurityservices.com	1996	20250715
gozoneparking.com	1996	20240722
poolservicefl.com	1996	20241027
safetycommons.com	1996	20250723
yarproject.com	1996	20260424
thecatalystworld.com	1996	20250721
farobotics.com	1996	20250531
startupbusinessjournal.com	1996	20220719
johndoll.com	1996	20260317
dreamzoneit.com	1996	20250718
sharpity.com	1996	20250926
monkfinancetoday.com	1996	20250729
hereticai.com	1996	20250611
heartinthorns.com	1996	20210722
russdentistry.com	1996	20250819
firstthinklocal.com	1996	20250720
chatjudge.com	1996	20250523
viewyouroptions.com	1996	20230719
athleticstv.com	1996	20240927
cryptobusinessnet.com	1996	20240722
gonowai.com	1996	20250809
weddingmodeling.com	1996	20250717
agentichi.com	1996	20250409
extraordinarycourage.com	1996	20240721
paintboothspecialists.com	1996	20250520
lovebearblue.com	1996	20250721
applyaijobs.com	1996	20250518
happymoonphoto.com	1996	20211021
worstmedia.com	1996	20251129
changingcostumes.com	1996	20250720
measuredai.com	1996	20250704
wallstreetprograms.com	1996	20230721
skillvia.com	1996	20241203
psychoinvestorapp.com	1996	20250721
hayeshomeservices.com	1996	20251116
oceansoftcompany.com	1996	20250722
aivaping.com	1996	20221116
ultrajaketraining.com	1996	20250721
edgebond.com	1996	20260329
thenewmanspa.com	1996	20220722
springborohomes.com	1996	20250407
strongformhub.com	1996	20250721
mgmsolution.com	1996	20250804
evercharmbeauty.com	1996	20250720
michaelbricker.com	1996	20260224
findingsushi.com	1996	20250722
officesupplygroup.com	1996	20251220
bikiniconfidence.com	1996	20250730
useragentic.com	1996	20250613
softservecourt.com	1996	20250722
motherstream.com	1996	20250219
airporttownhomes.com	1996	20250721
mowersrepair.com	1996	20251209
climatechangeltd.com	1996	20211021
cfpcapital.com	1996	20230824
deborahandrachel.com	1996	20250721
univoucher.com	1996	20241026
livecleanclarity.com	1996	20250721
mcpinspector.com	1996	20250227
bagjoin.com	1996	20230718
swarmorchestrator.com	1996	20251128
recovermyfees.com	1996	20220719
amgstone.com	1996	20251120
edgemooreave.com	1996	20250718
reselltech.com	1996	20241103
findzipmarketing.com	1996	20250719
deepdiveagent.com	1996	20250705
powerfunzone.com	1996	20250723
arcawellness.com	1996	20240512
punjabmap.com	1996	20250721
askravi.com	1996	20251025
emergencytaco.com	1996	20250719
rashpay.com	1996	20250519
jinpowersolutions.com	1996	20230722
goldsilverratio.com	1996	20241120
dietproswell.com	1996	20250724
mycarvaluation.com	1996	20250601
worldsairportsterminal.com	1996	20240722
blankjerseys.com	1996	20250307
surpriserecipevideo.com	1996	20250718
alwaysinescrow.com	1996	20241120
legacylifeadvisory.com	1996	20220722
realitylayer.com	1996	20250622
discovercosmiccompass.com	1996	20240723
fanaticsmarket.com	1996	20251022
smsshort.com	1996	20240719
mycreditdoctor.com	1996	20251015
ashgreeceshop.com	1996	20240722
pestpanda.com	1996	20250718
helpdeskindia.com	1996	20250722
bulldozerai.com	1996	20251226
neuralfemale.com	1996	20250724
findfoodnearme.com	1996	20260526
ambersaint.com	1996	20250730
clawyou.com	1996	20250807
industrialspringsgroup.com	1996	20250724
kristibrown.com	1996	20250228
shoregunshows.com	1996	20240722
fleetfuels.com	1996	20250603
blueskyrenew.com	1996	20230718
payonward.com	1996	20250514
biglandcloud.com	1996	20250719
soundmanage.com	1996	20251213
conjetpro.com	1996	20250731
picela.com	1996	20251115
proamericapay.com	1996	20220721
auragoldwater.com	1996	20250818
displayreality.com	1996	20230720
alpsshop.com	1996	20240927
southstrandmoms.com	1996	20220719
songfab.com	1996	20251126
loungehairsimulation.com	1996	20250721
littleoneschildcare.com	1996	20250214
martlight.com	1996	20240719
novaska.com	1996	20251027
saleshughes.com	1996	20250721
heyeliza.com	1996	20250429
superchargersmap.com	1996	20250721
vibecreator.com	1996	20250207
theecrownjewel.com	1996	20250721
mygamingsetup.com	1996	20231112
timothyjamesfit.com	1996	20230720
oddfitness.com	1996	20241005
linksmining.com	1996	20250729
aigovernor.com	1996	20240516
hoseltd.com	1996	20250722
pawpixel.com	1996	20231005
yourmarketnow.com	1996	20250719
freshhomeservices.com	1996	20250815
goldenfashionworlds.com	1996	20250721
menucosting.com	1996	20250925
pioneercorporatesolutions.com	1996	20250730
seetheinvisible.com	1996	20250325
victorianeralovers.com	1996	20240722
unoluxe.com	1996	20250527
thebeerbarn.com	1996	20250724
poppep.com	1996	20250620
hellopoweroffer.com	1996	20250721
openweight.com	1996	20230808
urbanmeetshouse.com	1996	20230719
shipmentplanner.com	1996	20251105
starseedasylum.com	1996	20230724
goinquire.com	1996	20251208
citeshift.com	1996	20250722
vibecodejobs.com	1996	20250315
cbsbankmonaco.com	1996	20230724
agentjudge.com	1996	20241205
pinksaltdiet.com	1996	20250719
hobsalon.com	1996	20250311
culturalfunds.com	1996	20240720
itomori.com	1996	20241201
autorentaldealer.com	1996	20210720
speedingticketdefense.com	1996	20250127
docflowagent.com	1996	20250803
mysweetyskin.com	1996	20250717
coconcertsmorrison.com	1996	20240719
seychellesboattour.com	1996	20250421
topartoys.com	1996	20210722
billoff.com	1996	20251205
buycompanybrand.com	1996	20250728
rpscan.com	1996	20250304
pernicetrust.com	1996	20240723
aibrandstrategy.com	1996	20250604
sooskinshop.com	1996	20250722
bullioncentre.com	1996	20260124
thegoodgoal.com	1996	20250721
quantasure.com	1996	20250921
happycabinsigns.com	1996	20250719
mahafilm.com	1996	20250808
biglifecommunity.com	1996	20250721
biomedicalwellness.com	1996	20250817
freewifeeye.com	1996	20210901
regenerateai.com	1996	20220817
agecellrepair.com	1996	20230724
selfwave.com	1996	20241015
interndiscovery.com	1996	20250724
amsrenovations.com	1996	20260120
fixmyrewards.com	1996	20230720
flowcontact.com	1996	20231204
beautifulwavetrends.com	1996	20230718
portarthurhomes.com	1996	20250329
gofiglow.com	1996	20240817
mintoy.com	1996	20250920
jillstoresus.com	1996	20250721
crystalspires.com	1996	20251207
lastcallfly.com	1996	20250731
braincarescore.com	1996	20231214
mymortgagetips.com	1996	20240723
cedeai.com	1996	20230928
jupiterfit.com	1996	20250720
underpinningspecialists.com	1996	20251022
andersonandmoore.com	1996	20250721
smoothintelligence.com	1996	20240902
thepornempire.com	1996	20240730
aipresets.com	1996	20240507
cynthiagraceenterprises.com	1996	20230719
agentissimo.com	1996	20250118
aibreakreminder.com	1996	20250719
villaessence.com	1996	20251129
goldnetworkit.com	1996	20250722
balticbrands.com	1996	20250310
indiaskillcapital.com	1996	20250729
heybailey.com	1996	20250509
hedgestonelive.com	1996	20240720
dazeddispensary.com	1996	20260410
minsmax.com	1996	20240731
testosteronetestkit.com	1996	20240716
myseastars.com	1996	20250721
onsiteintelligence.com	1996	20250327
darkrocksolutions.com	1996	20250720
cinemetry.com	1996	20240815
itsyourneighborhood.com	1996	20230720
datastorageai.com	1996	20250420
readysteadygrad.com	1996	20250722
alexanderpetrov.com	1996	20260504
choicedefined.com	1996	20250721
traderstrong.com	1996	20240323
bedsforseniors.com	1996	20250720
homeinspectai.com	1996	20251123
httpsdev.com	1996	20240723
projeweller.com	1996	20260206
theoceanbody.com	1996	20250723
principleagent.com	1996	20250416
makeyoursecurity.com	1996	20250722
oxysure.com	1996	20250502
partnersinpassion.com	1996	20250801
gridlands.com	1996	20251018
thegroweden.com	1996	20250720
printableguides.com	1996	20251203
foodplusnutrition.com	1996	20230719
memiri.com	1996	20250901
enablingmoments.com	1996	20210720
kohlerwellness.com	1996	20231217
lukegreenheart.com	1996	20250722
reiscout.com	1996	20250310
bargainbust.com	1996	20250723
concretelevelingcontractors.com	1996	20250601
afterprivacy.com	1996	20230904
phonenumberai.com	1996	20251107
mymetaserve.com	1996	20250722
rootlongevity.com	1996	20251017
governradar.com	1996	20250723
caninegpt.com	1996	20230414
endresultaudio.com	1996	20250719
peptideblend.com	1996	20240131
glowmystery.com	1996	20220720
familyofficecyprus.com	1996	20260326
echoloopai.com	1996	20250721
deadnettle.com	1996	20250408
wetroomsstores.com	1996	20250802
bitcoinrunes.com	1996	20230925
geosyncgps.com	1996	20230712
basecourier.com	1996	20250310
opendeepflows.com	1996	20250722
solarcannabisco.com	1996	20250428
eurohills.com	1996	20250722
getcabana.com	1996	20230820
baldmanjapan.com	1996	20220722
brivin.com	1996	20260723
goinpostalusa.com	1996	20240720
openoutbound.com	1996	20230403
gravelada.com	1996	20250722
upagentic.com	1996	20241127
teethcleaningdentist.com	1996	20250722
aresroofing.com	1996	20250823
flexpointco.com	1996	20250723
targetonlinemarketing.com	1996	20250411
portmoodyart.com	1996	20210722
agenticconnect.com	1996	20241121
truemotionzone.com	1996	20250721
seosilver.com	1996	20250506
mylungtank.com	1996	20240721
upsellstack.com	1996	20250909
graybrushcollections.com	1996	20221222
zingverse.com	1996	20250527
egotoolshops.com	1996	20250729
fishbattle.com	1996	20231019
simpleadress.com	1996	20250722
agerta.com	1996	20250604
wildclear.com	1996	20250730
peterschafer.com	1996	20251114
theactualtime.com	1996	20250719
indexnote.com	1996	20240127
chosenkidsonline.com	1996	20250723
joinsaveclub.com	1996	20260620
thedealgame.com	1996	20240722
eaglemultimedia.com	1996	20250930
leapphysicianadvisor.com	1996	20250720
limogeneva.com	1996	20251019
littleredmedia.com	1996	20250720
cashmitra.com	1996	20250117
greenpluslawn.com	1996	20230720
agenticmartech.com	1996	20241127
celebratezone.com	1996	20250722
augustacaraccidentlawyers.com	1996	20250516
batlocal.com	1996	20250720
thevelvetexperience.com	1996	20260213
bridgebounds.com	1996	20250722
testosteronetestkits.com	1996	20240716
everytrading.com	1996	20250723
gtstechnology.com	1996	20260214
softflyshop.com	1996	20210724
monetaryapp.com	1996	20250406
howardhomeimprovement.com	1996	20250722
qualityasi.com	1996	20250615
historyvehiclereports.com	1996	20250719
letpeoplework.com	1996	20251022
stuffjet.com	1996	20250719
tecatlas.com	1996	20251113
inflammatoryzombiecells.com	1996	20250721
paybir.com	1996	20250622
pestbeam.com	1996	20250721
bananaprompts.com	1996	20250831
neckdownapparel.com	1996	20210719
newstockholm.com	1996	20260129
legacydigitalcompass.com	1996	20250722
quantumurban.com	1996	20251121
passportphonetickets.com	1996	20230722
aiagentshq.com	1996	20260127
worldwhiskyexperience.com	1996	20240722
bedplacement.com	1996	20251031
communityrecruitinghire.com	1996	20250720
healthhubclinic.com	1996	20250604
cosmiccollectiveco.com	1996	20220722
erikmaier.com	1996	20260301
shebelieveshim.com	1996	20250723
librisai.com	1996	20230706
americafossilenergy.com	1996	20250720
propcaptechnologies.com	1996	20251126
arablandshop.com	1996	20250720
windbets.com	1996	20231213
lindsayadamsdesign.com	1996	20220721
sellmyvinyl.com	1996	20250801
becomeyoureality.com	1996	20240722
biotechasi.com	1996	20250707
teamliverecover.com	1996	20250722
authentai.com	1996	20220405
perezironwork.com	1996	20250717
aidefend.com	1996	20240227
hiretalentsolutions.com	1996	20250722
trustenvironment.com	1996	20251105
linethrough.com	1996	20250729
theinspirationacademy.com	1996	20240823
capablehandssub.com	1996	20220725
retiremore.com	1996	20250305
alliancemade.com	1996	20250806
cleraskin.com	1996	20250717
discoverairports.com	1996	20250719
teamfanapparel.com	1996	20251107
stablecoincollege.com	1996	20250724
unionmarkets.com	1996	20251117
trusteddebtfix.com	1996	20250721
biomasks.com	1996	20230413
getfarmvest.com	1996	20250724
carolinapipecleaning.com	1996	20260314
statelinepride.com	1996	20250717
anypayments.com	1996	20220804
starfamilydifference.com	1996	20210720
scrippstech.com	1996	20251107
yourthrivingcareer.com	1996	20220829
techugc.com	1996	20250830
letsgrowenergy.com	1996	20250721
animeeditor.com	1996	20250128
debbiepro.com	1996	20230721
pistakio.com	1996	20240407
starbrightfutures.com	1996	20240720
challengetube.com	1996	20260126
showbam.com	1996	20220718
jesusthetruth.com	1996	20251128
sensorstudiousa.com	1996	20250721
orichat.com	1996	20250302
alphahusbandsclub.com	1996	20250721
buildplayground.com	1996	20240321
kingdomreachmarketing.com	1996	20250721
fortdodgeford.com	1996	20250225
shapeyourminds.com	1996	20210718
picklefriends.com	1996	20240329
chewpops.com	1996	20240720
coronadopainting.com	1996	20250918
funnyhawk.com	1996	20250721
stargateinfrastructure.com	1996	20250122
aiassetlabs.com	1996	20250719
yeasto.com	1996	20231221
multimodeconsultants.com	1996	20250721
fitmuslim.com	1996	20260203
alexanderresgroup.com	1996	20240719
ampdance.com	1996	20260309
lakelifeframes.com	1996	20220719
donstreeservice.com	1996	20260205
retirementincomesite.com	1996	20250724
agentclearing.com	1996	20251010
backflowexpress.com	1996	20210721
govirl.com	1996	20250210
creatingeagles.com	1996	20240721
areatreeservice.com	1996	20250122
legalnurseconference.com	1996	20250723
minesmp.com	1996	20251227
wheatbelthealth.com	1996	20230721
minisudoku.com	1996	20251117
letterfromchris.com	1996	20250718
workimo.com	1996	20240531
chipcarinsurance.com	1996	20250719
pupplanner.com	1996	20250904
jayisaacai.com	1996	20250722
aimegaphone.com	1996	20250831
designerneed.com	1996	20210719
airytime.com	1996	20241003
runningapex.com	1996	20230730
promptkeep.com	1996	20250221
myavatarstickers.com	1996	20250720
humanoidcommander.com	1996	20250909
systemproconsulting.com	1996	20250723
healthysmileclinic.com	1996	20241120
sensoryscenes.com	1996	20250723
caprasports.com	1996	20260725
gamespokerdom.com	1996	20250722
roomkey.com	1996	20250226
homegardennest.com	1996	20250719
viralista.com	1996	20241228
zenthelife.com	1996	20250720
versatags.com	1996	20250924
secretbenefitsaustralia.com	1996	20230721
setterassociates.com	1996	20251010
smartfusiontechnology.com	1996	20240721
fitlifefitness.com	1996	20250709
trycapitalbrief.com	1996	20250721
apalife.com	1996	20250309
culturethroughleadership.com	1996	20220720
foamfox.com	1996	20240924
realstyleguides.com	1996	20240722
aidrivex.com	1996	20251003
hanlockgroup.com	1996	20230719
realestatehvar.com	1996	20260131
virtualverseai.com	1996	20240817
aibros.com	1996	20240524
trapislandstore.com	1996	20250723
defiallodds.com	1996	20240421
namiris.com	1996	20240802
luxuryrentalvacation.com	1996	20240618
thematthewsreview.com	1996	20240721
americantallow.com	1996	20250815
sumstrike.com	1996	20250721
milkduck.com	1996	20241013
corepublicans.com	1996	20240722
clinebot.com	1996	20241009
summermadeeasy.com	1996	20250719
offgridcontainerhomes.com	1996	20251104
helpcarsworld.com	1996	20230722
quantummakers.com	1996	20241230
groveterraceresidential.com	1996	20230720
wickedpickleball.com	1996	20231110
bambuddhalearning.com	1996	20250722
gaioffice.com	1996	20230808
fortivydefense.com	1996	20250720
bodyconcierge.com	1996	20230731
qualitytechonline.com	1996	20250721
precisionhealthclinics.com	1996	20251107
theflamestory.com	1996	20250719
platingfood.com	1996	20250829
redsuncon.com	1996	20250729
tecateroofing.com	1996	20240727
buddypunchmanagement.com	1996	20250721
bellinghamroofer.com	1996	20250331
pokerviewer.com	1996	20250722
wavecleaners.com	1996	20251127
seatcoveronline.com	1996	20210720
thomaswilliamson.com	1996	20251115
samsenera.com	1996	20250721
incomingo.com	1996	20250120
totalhealthturn.com	1996	20250723
coronaliving.com	1996	20260129
ecometaamerica.com	1996	20220722
juicyescort.com	1996	20260122
twelverent.com	1996	20250721
stevejohnsen.com	1996	20250609
thebunnybrand.com	1996	20220109
gaincs.com	1996	20250522
unitedblockchainnation.com	1996	20250722
freedomfreak.com	1996	20240204
preprising.com	1996	20250720
bangkokrooftop.com	1996	20251210
comfycottageshop.com	1996	20250721
foresttreeservice.com	1996	20250202
tidelinetechnology.com	1996	20250724
designgpt.com	1996	20221205
patriotscard.com	1996	20210722
twoany.com	1996	20250829
biodatabook.com	1996	20250719
bluelimetech.com	1996	20260423
divineautodetails.com	1996	20250901
clawmatic.com	1996	20260201
vainname.com	1996	20250722
photographertokyo.com	1996	20260424
mycareerchampion.com	1996	20250722
sheinstar.com	1996	20231124
riseupwords.com	1996	20220721
trypicseo.com	1996	20250724
fishingbusinesses.com	1996	20210721
getcheapfares.com	1996	20250721
diamondacecasino.com	1996	20250720
creativehopeworldwide.com	1996	20230721
claritytown.com	1996	20250721
quartzandbloom.com	1996	20250722
mindmechanicclub.com	1996	20210720
careerforgeindia.com	1996	20250728
mediuminteractivepro.com	1996	20250718
malaysiapropertyinc.com	1996	20230719
timeflowing.com	1996	20251003
deadlycamp.com	1996	20250722
submityourform.com	1996	20250720
goldenlebanon.com	1996	20230721
fuzzylogicmedia.com	1996	20230721
buyrootedremedies.com	1996	20240722
eaglegolfhomes.com	1996	20250725
chainmintai.com	1996	20250722
aiprosperityvault.com	1996	20250723
journeyinteducation.com	1996	20250728
privateexpression.com	1996	20230719
megaaaanest.com	1996	20250720
marlinkframework.com	1996	20250722
softstartworld.com	1996	20240731
casegrace.com	1996	20250722
planttasteco.com	1996	20220724
