musclerace.com	1996	20261006
methospitality.com	1996	20261006
secondsection.com	1996	20261006
tenantsservices.com	1996	20261006
dynamicdivers.com	1996	20261006
davidsoncloud.com	1996	20261006
bradleymartin.com	1996	20261006
jesscloset.com	1996	20261006
foolishhearts.com	1996	20261006
promotioncircle.com	1996	20261006
digitalalan.com	1996	20261006
infiniteinteraction.com	1996	20261006
lilyashley.com	1996	20261006
celebritystupidity.com	1996	20261006
automaticblog.com	1996	20261006
alphabetobsession.com	1996	20261006
collarboxing.com	1996	20261006
highconsultant.com	1996	20261006
dollarcool.com	1996	20261006
mergercentre.com	1996	20261006
longtim.com	1996	20261006
liamdante.com	1996	20261006
alanint.com	1996	20261006
creativemediafinance.com	1996	20261006
