domain,join_by,seller,bid,tokens,word_count,sld_len,type,city,gwords
louisvillecriminallawyers.com,10/08/2026 07:45,Drop,79,louisville criminal lawyers,3,25,geo_service,louisville,criminal lawyers
contractorsmanhattan.com,10/08/2026 07:45,Drop,79,contractors manhattan,2,20,geo_service,manhattan,contractors
orlandophotographyco.com,10/09/2026 07:45,Drop,79,orlando photography co,3,20,geo_service,orlando,photography co
miamihousesolutions.com,10/06/2026 07:45,Drop,79,miami house solutions,3,19,geo_service,miami,house solutions
nashvillekitchenservices.com,10/07/2026 07:45,Drop,79,nashville kitchen services,3,24,geo_service,nashville,kitchen services
irvingbuilder.com,10/07/2026 07:45,Drop,79,irving builder,2,13,geo_service,irving,builder
vetcolumbus.com,10/07/2026 07:45,Drop,79,vet columbus,2,11,geo_service,columbus,vet
charlottephysicaltherapy.com,10/06/2026 07:45,Drop,79,charlotte physical therapy,3,24,geo_service,charlotte,physicaltherapy
windowcleaningbaltimore.com,10/09/2026 07:45,Drop,79,window cleaning baltimore,3,23,geo_service,baltimore,window cleaning
housepainterboston.com,10/08/2026 07:45,Drop,79,house painter boston,3,18,geo_service,boston,house painter
legaldefensehouston.com,10/06/2026 07:45,Drop,79,legal defense houston,3,19,geo_service,houston,legal defense
securitydoorsjackson.com,10/06/2026 07:45,Drop,79,security doors jackson,3,20,geo_service,jackson,security doors
washingtonkitchenservices.com,10/07/2026 07:45,Drop,79,washington kitchen services,3,25,geo_service,washington,kitchen services
restorationmobile.com,10/09/2026 07:45,Drop,79,restoration mobile,2,17,geo_service,mobile,restoration
bronxmassagetherapy.com,10/08/2026 07:45,Drop,79,bronx massage therapy,3,19,geo_service,bronx,massage therapy
nashvillemortgageexperts.com,10/06/2026 07:45,Drop,79,nashville mortgage experts,3,24,geo_service,nashville,mortgage experts
pittsburghwindowcleaner.com,10/06/2026 07:45,Drop,79,pittsburgh window cleaner,3,23,geo_service,pittsburgh,window cleaner
movingrichmond.com,10/09/2026 07:45,Drop,79,moving richmond,2,14,geo_service,richmond,moving
tampamovingservices.com,10/09/2026 07:45,Drop,79,tampa moving services,3,19,geo_service,tampa,moving services
durhampressurewashing.com,10/09/2026 07:45,Drop,79,durham pressure washing,3,21,geo_other,durham,pressurewashing
atlantaseoteam.com,10/06/2026 07:45,Drop,79,atlanta seo team,3,14,geo_service,atlanta,seo team
omahalawgroup.com,10/08/2026 07:45,Drop,79,omaha law group,3,13,geo_service,omaha,law group
floorsoakland.com,10/09/2026 07:45,Drop,79,floors oakland,2,13,geo_service,oakland,floors
sacramentocoffee.com,10/06/2026 07:45,Drop,79,sacramento coffee,2,16,geo_service,sacramento,coffee
houstonnailsspa.com,10/06/2026 07:45,Drop,79,houston nails spa,3,15,geo_service,houston,nails spa
seattletreeexperts.com,10/09/2026 07:45,Drop,79,seattle tree experts,3,18,geo_service,seattle,tree experts
naplesmoldremoval.com,10/08/2026 07:45,Drop,79,naples mold removal,3,17,geo_service,naples,mold removal
louisvillecooling.com,10/09/2026 07:45,Drop,79,louisville cooling,2,17,geo_service,louisville,cooling
irvingwaterrestoration.com,10/09/2026 07:45,Drop,79,irving water restoration,3,22,geo_service,irving,water restoration
roofrepaircharlotte.com,10/09/2026 07:45,Drop,79,roof repair charlotte,3,19,geo_service,charlotte,roofrepair
