domain,join_by,seller,bid,city,gwords
memphisguttercleaners.com,10/08/2026 07:45,Drop,79,memphis,gutter cleaners
carsonpaving.com,10/08/2026 07:45,Drop,79,carson,paving
kitchenremodelingmilwaukee.com,10/06/2026 07:45,Drop,79,milwaukee,kitchen remodeling
oaklandmedspa.com,10/06/2026 07:45,Drop,79,oakland,medspa
proelectriciansmesa.com,10/09/2026 07:45,Drop,79,mesa,pro electricians
stpauldaycare.com,10/09/2026 07:45,Drop,79,stpaul,daycare
treeremovalsantafe.com,10/06/2026 07:45,Drop,79,santafe,tree removal
losangelesroofingscompany.com,10/06/2026 07:45,Drop,79,losangeles,roofings company
sanfranciscohomerental.com,10/07/2026 07:45,Drop,79,sanfrancisco,home rental
baltimoreguttercleaners.com,10/08/2026 07:45,Drop,79,baltimore,gutter cleaners
dallasguttercleaners.com,10/08/2026 07:45,Drop,79,dallas,gutter cleaners
tacomahomecleaning.com,10/09/2026 07:45,Drop,79,tacoma,home cleaning
atlantajunkmovers.com,10/09/2026 07:45,Drop,79,atlanta,junk movers
fortlauderdaleseocompany.com,10/06/2026 07:45,Drop,79,fortlauderdale,seo company
chesapeakebuilder.com,10/07/2026 07:45,Drop,79,chesapeake,builder
glendalebuilder.com,10/07/2026 07:45,Drop,79,glendale,builder
garagedoorrepairwichita.com,10/08/2026 07:45,Drop,79,wichita,garagedoor repair
chicagotechrentals.com,10/08/2026 07:45,Drop,79,chicago,tech rentals
miamikitchenremodel.com,10/07/2026 07:45,Drop,79,miami,kitchen remodel
batonrougehomerealestate.com,10/07/2026 07:45,Drop,79,batonrouge,home realestate
windowcleaninglongisland.com,10/07/2026 07:45,Drop,79,longisland,window cleaning
santaclaritaconstruction.com,10/07/2026 07:45,Drop,79,santaclarita,construction
yonkerstherapy.com,10/08/2026 07:45,Drop,79,yonkers,therapy
notaryraleigh.com,10/07/2026 07:45,Drop,79,raleigh,notary
mesatravels.com,10/08/2026 07:45,Drop,79,mesa,travels
newyorkkitchenservices.com,10/07/2026 07:45,Drop,79,newyork,kitchen services
hamptonsexpertpainting.com,10/06/2026 07:45,Drop,79,hamptons,expert painting
raleighrealtyusa.com,10/09/2026 07:45,Drop,79,raleigh,realty usa
stpaulrealtor.com,10/09/2026 07:45,Drop,79,stpaul,realtor
criminaldefenseattorneysphoenix.com,10/08/2026 07:45,Drop,79,phoenix,criminal defense attorneys
lubbockwindowrepair.com,10/08/2026 07:45,Drop,79,lubbock,window repair
rockforddemolition.com,10/07/2026 07:45,Drop,79,rockford,demolition
worcestertherapy.com,10/08/2026 07:45,Drop,79,worcester,therapy
columbusbookkeeping.com,10/06/2026 07:45,Drop,79,columbus,bookkeeping
lasvegascleaningsolutions.com,10/07/2026 07:45,Drop,79,lasvegas,cleaning solutions
morenovalleyroofingcompany.com,10/06/2026 07:45,Drop,79,morenovalley,roofing company
restorationsolutionsirvine.com,10/07/2026 07:45,Drop,79,irvine,restoration solutions
sandiegohvacservices.com,10/06/2026 07:45,Drop,79,sandiego,hvac services
tucsonexterminators.com,10/09/2026 07:45,Drop,79,tucson,exterminators
treeremovalkansascity.com,10/06/2026 07:45,Drop,79,kansascity,tree removal
queenshouseremodeling.com,10/08/2026 07:45,Drop,79,queens,house remodeling
locksmithakron.com,10/06/2026 07:45,Drop,79,akron,locksmith
miamiguttercleaners.com,10/08/2026 07:45,Drop,79,miami,gutter cleaners
tamparealtyonline.com,10/08/2026 07:45,Drop,79,tampa,realty online
raleighautoaccidentattorney.com,10/07/2026 07:45,Drop,79,raleigh,auto accident attorney
orangecountylimousinerental.com,10/06/2026 07:45,Drop,79,orangecounty,limousine rental
concretecompanysanantonio.com,10/06/2026 07:45,Drop,79,sanantonio,concrete company
springfielddemolitioncompany.com,10/06/2026 07:45,Drop,79,springfield,demolition company
detroitguttercleaners.com,10/08/2026 07:45,Drop,79,detroit,gutter cleaners
auroraroofingexperts.com,10/09/2026 07:45,Drop,79,aurora,roofing experts
tulsaguttercleaners.com,10/08/2026 07:45,Drop,79,tulsa,gutter cleaners
spokanepestcontrolexperts.com,10/07/2026 07:45,Drop,79,spokane,pestcontrol experts
atlantatechrentals.com,10/08/2026 07:45,Drop,79,atlanta,tech rentals
salemplumbingpros.com,10/06/2026 07:45,Drop,79,salem,plumbing pros
miamitechrentals.com,10/08/2026 07:45,Drop,79,miami,tech rentals
paintingcontractorlosangeles.com,10/06/2026 07:45,Drop,79,losangeles,painting contractor
autoglassrepairgreensboro.com,10/06/2026 07:45,Drop,79,greensboro,auto glass repair
cleaningservicesfortworth.com,10/06/2026 07:45,Drop,79,fortworth,cleaning services
proheatingairconditioningglendale.com,10/07/2026 07:45,Drop,79,glendale,pro heating airconditioning
tallahasseeseocompany.com,10/06/2026 07:45,Drop,79,tallahassee,seo company
tacomahousecleaning.com,10/09/2026 07:45,Drop,79,tacoma,house cleaning
garagedoorlansing.com,10/07/2026 07:45,Drop,79,lansing,garagedoor
daytonpaving.com,10/08/2026 07:45,Drop,79,dayton,paving
springfieldhandymanservices.com,10/09/2026 07:45,Drop,79,springfield,handyman services
santaclaritacontractor.com,10/07/2026 07:45,Drop,79,santaclarita,contractor
newyorktoursonline.com,10/07/2026 07:45,Drop,79,newyork,tours online
yogalongisland.com,10/08/2026 07:45,Drop,79,longisland,yoga
homecleaningservicesminneapolis.com,10/09/2026 07:45,Drop,79,minneapolis,home cleaning services
bookkeepingcharlotte.com,10/06/2026 07:45,Drop,79,charlotte,bookkeeping
atlantarealestatetours.com,10/06/2026 07:45,Drop,79,atlanta,realestate tours
bathroomremodelerraleigh.com,10/09/2026 07:45,Drop,79,raleigh,bathroom remodeler
seattlehomecleaningservice.com,10/09/2026 07:45,Drop,79,seattle,home cleaning service
urgentcaresarasota.com,10/07/2026 07:45,Drop,79,sarasota,urgentcare
floorsbakersfield.com,10/08/2026 07:45,Drop,79,bakersfield,floors
sacramentoguttercleaners.com,10/08/2026 07:45,Drop,79,sacramento,gutter cleaners
washingtonguttercleaners.com,10/08/2026 07:45,Drop,79,washington,gutter cleaners
sandiegopaintings.com,10/08/2026 07:45,Drop,79,sandiego,paintings
atlantaroofingservice.com,10/09/2026 07:45,Drop,79,atlanta,roofing service
hotelsraleigh.com,10/08/2026 07:45,Drop,79,raleigh,hotels
itwestchester.com,10/08/2026 07:45,Drop,79,westchester,it
glendalesolarcompany.com,10/09/2026 07:45,Drop,79,glendale,solar company
jacksonvilleguttercleaners.com,10/08/2026 07:45,Drop,79,jacksonville,gutter cleaners
desmoinescoffee.com,10/06/2026 07:45,Drop,79,desmoines,coffee
hollywoodpizzas.com,10/06/2026 07:45,Drop,79,hollywood,pizzas
chandlerchimney.com,10/08/2026 07:45,Drop,79,chandler,chimney
worcestermarketingsystems.com,10/06/2026 07:45,Drop,79,worcester,marketing systems
tulsasidingcompany.com,10/06/2026 07:45,Drop,79,tulsa,siding company
weddinglimoorangecounty.com,10/08/2026 07:45,Drop,79,orangecounty,wedding limo
criminaldefenselawyerphiladelphia.com,10/07/2026 07:45,Drop,79,philadelphia,criminal defense lawyer
denverhandymanhomeservices.com,10/07/2026 07:45,Drop,79,denver,handyman home services
cleaningserviceswichita.com,10/06/2026 07:45,Drop,79,wichita,cleaning services
anchoragebuilder.com,10/07/2026 07:45,Drop,79,anchorage,builder
tucsonguttercleaners.com,10/08/2026 07:45,Drop,79,tucson,gutter cleaners
remodelingcontractortulsa.com,10/09/2026 07:45,Drop,79,tulsa,remodeling contractor
sanfranciscodentalspa.com,10/09/2026 07:45,Drop,79,sanfrancisco,dental spa
renovationsphiladelphia.com,10/09/2026 07:45,Drop,79,philadelphia,renovations
lasvegaskitchenservices.com,10/07/2026 07:45,Drop,79,lasvegas,kitchen services
sidingcontractorsboston.com,10/07/2026 07:45,Drop,79,boston,siding contractors
housepaintinglosangeles.com,10/08/2026 07:45,Drop,79,losangeles,house painting
palmspringspropertygroup.com,10/09/2026 07:45,Drop,79,palmsprings,property group
boisehomeservice.com,10/09/2026 07:45,Drop,79,boise,home service
photographerssanfrancisco.com,10/08/2026 07:45,Drop,79,sanfrancisco,photographers
flooringpasadena.com,10/07/2026 07:45,Drop,79,pasadena,flooring
kitchenremodelpittsburgh.com,10/09/2026 07:45,Drop,79,pittsburgh,kitchen remodel
charlotteguttercleaners.com,10/08/2026 07:45,Drop,79,charlotte,gutter cleaners
mesadaycare.com,10/08/2026 07:45,Drop,79,mesa,daycare
houstontermitecompany.com,10/09/2026 07:45,Drop,79,houston,termite company
newyorkelectricalservices.com,10/08/2026 07:45,Drop,79,newyork,electrical services
divorceshreveport.com,10/07/2026 07:45,Drop,79,shreveport,divorce
chulavistacoffee.com,10/06/2026 07:45,Drop,79,chulavista,coffee
albanyrealtors.com,10/07/2026 07:45,Drop,79,albany,realtors
garlandpestcontrolexpertsco.com,10/07/2026 07:45,Drop,79,garland,pestcontrol experts co
tacomainjuryaccidentattorneys.com,10/08/2026 07:45,Drop,79,tacoma,injury accident attorneys
exterminatorjacksonville.com,10/09/2026 07:45,Drop,79,jacksonville,exterminator
sandiegoguttercleaners.com,10/08/2026 07:45,Drop,79,sandiego,gutter cleaners
fresnofencesupply.com,10/06/2026 07:45,Drop,79,fresno,fence supply
spokanepainterpros.com,10/08/2026 07:45,Drop,79,spokane,painter pros
phoenixroofchimney.com,10/08/2026 07:45,Drop,79,phoenix,roof chimney
bookkeepingchicago.com,10/08/2026 07:45,Drop,79,chicago,bookkeeping
acrepairhonolulu.com,10/08/2026 07:45,Drop,79,honolulu,acrepair
pittsburghhandymansolutions.com,10/06/2026 07:45,Drop,79,pittsburgh,handyman solutions
accidentattorneyjerseycity.com,10/09/2026 07:45,Drop,79,jerseycity,accident attorney
spokanedeckcontractors.com,10/08/2026 07:45,Drop,79,spokane,deck contractors
laredomarketing.com,10/08/2026 07:45,Drop,79,laredo,marketing
plumberdesmoines.com,10/07/2026 07:45,Drop,79,desmoines,plumber
toursknoxville.com,10/06/2026 07:45,Drop,79,knoxville,tours
memphistechrentals.com,10/08/2026 07:45,Drop,79,memphis,tech rentals
tampaepoxyfloor.com,10/09/2026 07:45,Drop,79,tampa,epoxy floor
philadelphiaroofingservices.com,10/06/2026 07:45,Drop,79,philadelphia,roofing services
austinhvaccompany.com,10/07/2026 07:45,Drop,79,austin,hvac company
treeremovalworcester.com,10/09/2026 07:45,Drop,79,worcester,tree removal
miamicondosrealestate.com,10/07/2026 07:45,Drop,79,miami,condos realestate
santaanabuilder.com,10/07/2026 07:45,Drop,79,santaana,builder
limoservicedetroit.com,10/09/2026 07:45,Drop,79,detroit,limo service
concretecontractorskansascity.com,10/07/2026 07:45,Drop,79,kansascity,concrete contractors
bayarearemodelers.com,10/06/2026 07:45,Drop,79,bayarea,remodelers
signsorangecounty.com,10/09/2026 07:45,Drop,79,orangecounty,signs
chandlerpaving.com,10/08/2026 07:45,Drop,79,chandler,paving
tampaguttercontractors.com,10/08/2026 07:45,Drop,79,tampa,gutter contractors
cincinnatirealtyservices.com,10/06/2026 07:45,Drop,79,cincinnati,realty services
pittsburghroofingpros.com,10/08/2026 07:45,Drop,79,pittsburgh,roofing pros
tulsalawns.com,10/07/2026 07:45,Drop,79,tulsa,lawns
criminaldefenselawyertampa.com,10/06/2026 07:45,Drop,79,tampa,criminal defense lawyer
oxnardpizza.com,10/09/2026 07:45,Drop,79,oxnard,pizza
sidingcontractorsatlanta.com,10/08/2026 07:45,Drop,79,atlanta,siding contractors
buffalorealestatehomes.com,10/08/2026 07:45,Drop,79,buffalo,realestate homes
newarkpestexterminators.com,10/09/2026 07:45,Drop,79,newark,pest exterminators
roofersamarillo.com,10/09/2026 07:45,Drop,79,amarillo,roofers
newhavenrestaurant.com,10/09/2026 07:45,Drop,79,newhaven,restaurant
durhamremodeling.com,10/07/2026 07:45,Drop,79,durham,remodeling
siouxfallscoffee.com,10/06/2026 07:45,Drop,79,siouxfalls,coffee
bakersfieldhomehub.com,10/06/2026 07:45,Drop,79,bakersfield,home hub
homerenovationshouston.com,10/06/2026 07:45,Drop,79,houston,home renovations
fencinghonolulu.com,10/08/2026 07:45,Drop,79,honolulu,fencing
mortgagegreensboro.com,10/09/2026 07:45,Drop,79,greensboro,mortgage
rockfordbankruptcylawyer.com,10/06/2026 07:45,Drop,79,rockford,bankruptcy lawyer
hotelgreensboro.com,10/07/2026 07:45,Drop,79,greensboro,hotel
austingaragedoorservice.com,10/08/2026 07:45,Drop,79,austin,garagedoor service
bathroomremodelerdurham.com,10/09/2026 07:45,Drop,79,durham,bathroom remodeler
masonrycontractoraustin.com,10/09/2026 07:45,Drop,79,austin,masonry contractor
autodetailingsanfrancisco.com,10/06/2026 07:45,Drop,79,sanfrancisco,auto detailing
bookkeepingserviceslasvegas.com,10/07/2026 07:45,Drop,79,lasvegas,bookkeeping services
palmspringscleaningservice.com,10/09/2026 07:45,Drop,79,palmsprings,cleaning service
lasvegasdentalclinic.com,10/09/2026 07:45,Drop,79,lasvegas,dental clinic
kansascitypaintingsolutions.com,10/09/2026 07:45,Drop,79,kansascity,painting solutions
longbeachrealestatephotographers.com,10/09/2026 07:45,Drop,79,longbeach,realestate photographers
autoinjuryamarillo.com,10/09/2026 07:45,Drop,79,amarillo,auto injury
phoenixguttercleaners.com,10/08/2026 07:45,Drop,79,phoenix,gutter cleaners
