domain,join_by,seller,bid,tokens,word_count,sld_len,type
dignityanddelight.com,10/07/2026 07:45,Drop,79,dignity and delight,3,17,descriptive_other
criticalenergysolution.com,10/06/2026 07:45,Drop,79,critical energy solution,3,22,tech_compliance
storageequipmentinc.com,10/09/2026 07:45,Drop,79,storage equipment inc,3,19,service_keyword
firmboostteam.com,10/08/2026 07:45,Drop,79,firm boost team,3,13,descriptive_other
armoredborn.com,10/09/2026 07:45,Drop,79,armored born,2,11,descriptive_other
netpointdigital.com,10/07/2026 07:45,Drop,79,net point digital,3,15,tech_compliance
happymindinternational.com,10/06/2026 07:45,Drop,79,happy mind international,3,22,descriptive_other
yorkoutreach.com,10/06/2026 07:45,Drop,79,york outreach,2,12,descriptive_other
elitegeekonline.com,10/07/2026 07:45,Drop,79,elite geek online,3,15,tech_compliance
sprayandscoop.com,10/07/2026 07:45,Drop,79,spray and scoop,3,13,descriptive_other
ridingwealthteam.com,10/09/2026 07:45,Drop,79,riding wealth team,3,16,descriptive_other
alwaysdigitalmarketing.com,10/09/2026 07:45,Drop,79,always digital marketing,3,22,tech_compliance
drugrehabnorwich.com,10/08/2026 07:45,Drop,79,drug rehab norwich,3,16,service_keyword
seonigeria.com,10/08/2026 07:45,Drop,79,seo nigeria,2,10,tech_compliance
loanfusioncentral.com,10/07/2026 07:45,Drop,79,loan fusion central,3,17,descriptive_other
mariolaserefforts.com,10/07/2026 07:45,Drop,79,mario laser efforts,3,17,descriptive_other
bigspringinsurance.com,10/09/2026 07:45,Drop,79,big spring insurance,3,18,service_keyword
letmonkcash.com,10/09/2026 07:45,Drop,79,let monk cash,3,11,descriptive_other
peaceoverpetty.com,10/09/2026 07:45,Drop,79,peace over petty,3,14,descriptive_other
safesitedemolition.com,10/08/2026 07:45,Drop,79,safe site demolition,3,18,descriptive_other
startclickconvert.com,10/09/2026 07:45,Drop,79,start click convert,3,17,descriptive_other
coastalbasement.com,10/09/2026 07:45,Drop,79,coastal basement,2,15,descriptive_other
themercydraft.com,10/08/2026 07:45,Drop,79,the mercy draft,3,13,descriptive_other
emeraldhudson.com,10/07/2026 07:45,Drop,79,emerald hudson,2,13,descriptive_other
getfilestage.com,10/08/2026 07:45,Drop,79,get file stage,3,12,descriptive_other
woodsunny.com,10/06/2026 07:45,Drop,79,wood sunny,2,9,descriptive_other
quotefromhere.com,10/08/2026 07:45,Drop,79,quote from here,3,13,descriptive_other
shootsflow.com,10/07/2026 07:45,Drop,79,shoots flow,2,10,descriptive_other
willowgracecandle.com,10/09/2026 07:45,Drop,79,willow grace candle,3,17,descriptive_other
russellstruck.com,10/06/2026 07:45,Drop,79,russell struck,2,13,descriptive_other
summitviewelectric.com,10/09/2026 07:45,Drop,79,summit view electric,3,18,service_keyword
thebetblog.com,10/06/2026 07:45,Drop,79,the bet blog,3,10,descriptive_other
blacknewsgroup.com,10/06/2026 07:45,Drop,79,black news group,3,14,descriptive_other
gainbus.com,10/09/2026 07:45,Drop,79,gain bus,2,7,descriptive_other
fostertrades.com,10/08/2026 07:45,Drop,79,foster trades,2,12,descriptive_other
emmahamiltonwrites.com,10/09/2026 07:45,Drop,79,emma hamilton writes,3,18,descriptive_other
goldbabyhome.com,10/06/2026 07:45,Drop,79,gold baby home,3,12,service_keyword
ticketfood.com,10/08/2026 07:45,Drop,79,ticket food,2,10,descriptive_other
burnfatkit.com,10/09/2026 07:45,Drop,79,burn fat kit,3,10,descriptive_other
cartergroupofficial.com,10/06/2026 07:45,Drop,79,carter group official,3,19,descriptive_other
feedingamericacup.com,10/07/2026 07:45,Drop,79,feeding america cup,3,17,descriptive_other
geteliteman.com,10/08/2026 07:45,Drop,79,get elite man,3,11,descriptive_other
idealfusionllc.com,10/08/2026 07:45,Drop,79,ideal fusion llc,3,14,descriptive_other
newindiavoice.com,10/08/2026 07:45,Drop,79,new india voice,3,13,tech_compliance
trymanly.com,10/08/2026 07:45,Drop,79,try manly,2,8,descriptive_other
forevertodaydecor.com,10/08/2026 07:45,Drop,79,forever today decor,3,17,descriptive_other
craftedinskill.com,10/08/2026 07:45,Drop,79,crafted ins kill,3,14,descriptive_other
aicodingblog.com,10/09/2026 07:45,Drop,79,ai coding blog,3,12,tech_compliance
bestcoprice.com,10/06/2026 07:45,Drop,79,best co price,3,11,descriptive_other
muddyworms.com,10/09/2026 07:45,Drop,79,muddy worms,2,10,descriptive_other
greedofficial.com,10/09/2026 07:45,Drop,79,greed official,2,13,descriptive_other
changethatlaw.com,10/09/2026 07:45,Drop,79,change that law,3,13,service_keyword
raceflip.com,10/06/2026 07:45,Drop,79,race flip,2,8,descriptive_other
opennewsstack.com,10/09/2026 07:45,Drop,79,open news stack,3,13,descriptive_other
plasticsurgerywonder.com,10/07/2026 07:45,Drop,79,plastic surgery wonder,3,20,descriptive_other
aibookmagic.com,10/08/2026 07:45,Drop,79,ai book magic,3,11,tech_compliance
stringtones.com,10/06/2026 07:45,Drop,79,string tones,2,11,descriptive_other
vincentryan.com,10/08/2026 07:45,Drop,79,vincent ryan,2,11,descriptive_other
vrtimeline.com,10/09/2026 07:45,Drop,79,vr timeline,2,10,tech_compliance
defrigged.com,10/07/2026 07:45,Drop,79,def rigged,2,9,descriptive_other
crystalmagicshop.com,10/08/2026 07:45,Drop,79,crystal magic shop,3,16,descriptive_other
brightentrepreneurpodcast.com,10/08/2026 07:45,Drop,79,bright entrepreneur podcast,3,25,descriptive_other
payburn.com,10/08/2026 07:45,Drop,79,pay burn,2,7,descriptive_other
pixelpulsephotography.com,10/08/2026 07:45,Drop,79,pixel pulse photography,3,21,descriptive_other
nicholasallbright.com,10/09/2026 07:45,Drop,79,nicholas all bright,3,17,descriptive_other
ripeglobalgathering.com,10/06/2026 07:45,Drop,79,ripe global gathering,3,19,descriptive_other
therapystorage.com,10/09/2026 07:45,Drop,79,therapy storage,2,14,service_keyword
paradisetradesolution.com,10/09/2026 07:45,Drop,79,paradise trade solution,3,21,descriptive_other
johnpatience.com,10/06/2026 07:45,Drop,79,john patience,2,12,descriptive_other
chahill.com,10/06/2026 07:45,Drop,79,cha hill,2,7,descriptive_other
publicitymusic.com,10/07/2026 07:45,Drop,79,publicity music,2,14,descriptive_other
marhidesign.com,10/06/2026 07:45,Drop,79,mar hide sign,3,11,descriptive_other
kirksite.com,10/08/2026 07:45,Drop,79,kirk site,2,8,descriptive_other
thirddowntherapy.com,10/07/2026 07:45,Drop,79,third down therapy,3,16,service_keyword
settlementglobal.com,10/06/2026 07:45,Drop,79,settlement global,2,16,descriptive_other
davidjenkinstraining.com,10/07/2026 07:45,Drop,79,david jenkins training,3,20,descriptive_other
guildalehouse.com,10/08/2026 07:45,Drop,79,guild ale house,3,13,service_keyword
elitetrackingservices.com,10/08/2026 07:45,Drop,79,elite tracking services,3,21,descriptive_other
shockingproducts.com,10/07/2026 07:45,Drop,79,shocking products,2,16,descriptive_other
kentensports.com,10/09/2026 07:45,Drop,79,ken ten sports,3,12,descriptive_other
bestwallgraphic.com,10/09/2026 07:45,Drop,79,best wall graphic,3,15,descriptive_other
gozoneparking.com,10/08/2026 07:45,Drop,79,go zone parking,3,13,descriptive_other
safetycommons.com,10/09/2026 07:45,Drop,79,safety commons,2,13,descriptive_other
executivepastorcoach.com,10/07/2026 07:45,Drop,79,executive pastor coach,3,20,descriptive_other
hopegeneralcontractors.com,10/08/2026 07:45,Drop,79,hope general contractors,3,22,service_keyword
thecatalystworld.com,10/06/2026 07:45,Drop,79,the catalyst world,3,16,descriptive_other
patientgardner.com,10/07/2026 07:45,Drop,79,patient gardner,2,14,descriptive_other
startupbusinessjournal.com,10/06/2026 07:45,Drop,79,startup business journal,3,22,descriptive_other
dreamzoneit.com,10/06/2026 07:45,Drop,79,dream zone it,3,11,descriptive_other
monkfinancetoday.com,10/09/2026 07:45,Drop,79,monk finance today,3,16,descriptive_other
heartinthorns.com,10/08/2026 07:45,Drop,79,heart int horns,3,13,descriptive_other
firstthinklocal.com,10/07/2026 07:45,Drop,79,first think local,3,15,descriptive_other
viewyouroptions.com,10/06/2026 07:45,Drop,79,view your options,3,15,descriptive_other
cryptobusinessnet.com,10/08/2026 07:45,Drop,79,crypto business net,3,17,tech_compliance
paymongroup.com,10/08/2026 07:45,Drop,79,pay mon group,3,11,descriptive_other
weddingmodeling.com,10/06/2026 07:45,Drop,79,wedding modeling,2,15,service_keyword
hitfatclouds.com,10/07/2026 07:45,Drop,79,hit fat clouds,3,12,descriptive_other
meganmitchelljewellery.com,10/07/2026 07:45,Drop,79,megan mitchell jewellery,3,22,descriptive_other
extraordinarycourage.com,10/08/2026 07:45,Drop,79,extraordinary courage,2,20,descriptive_other
portcitysec.com,10/07/2026 07:45,Drop,79,port city sec,3,11,descriptive_other
lovebearblue.com,10/07/2026 07:45,Drop,79,love bear blue,3,12,descriptive_other
happymoonphoto.com,10/07/2026 07:45,Drop,79,happy moon photo,3,14,descriptive_other
changingcostumes.com,10/07/2026 07:45,Drop,79,changing costumes,2,16,descriptive_other
parkcenterimaging.com,10/08/2026 07:45,Drop,79,park center imaging,3,17,descriptive_other
wallstreetprograms.com,10/08/2026 07:45,Drop,79,wall street programs,3,18,descriptive_other
bluetractorhouse.com,10/06/2026 07:45,Drop,79,blue tractor house,3,16,service_keyword
psychoinvestorapp.com,10/08/2026 07:45,Drop,79,psycho investor app,3,17,tech_compliance
oceansoftcompany.com,10/08/2026 07:45,Drop,79,ocean soft company,3,16,descriptive_other
ultrajaketraining.com,10/08/2026 07:45,Drop,79,ultra jake training,3,17,descriptive_other
ediblenight.com,10/07/2026 07:45,Drop,79,edible night,2,11,descriptive_other
thenewmanspa.com,10/09/2026 07:45,Drop,79,the newman spa,3,12,service_keyword
addpacassociates.com,10/07/2026 07:45,Drop,79,add pac associates,3,16,descriptive_other
thegeniusjunction.com,10/08/2026 07:45,Drop,79,the genius junction,3,17,descriptive_other
strongformhub.com,10/06/2026 07:45,Drop,79,strong form hub,3,13,descriptive_other
evercharmbeauty.com,10/06/2026 07:45,Drop,79,ever charm beauty,3,15,descriptive_other
findingsushi.com,10/07/2026 07:45,Drop,79,finding sushi,2,12,descriptive_other
bikiniconfidence.com,10/07/2026 07:45,Drop,79,bikini confidence,2,16,descriptive_other
softservecourt.com,10/08/2026 07:45,Drop,79,soft serve court,3,14,descriptive_other
airporttownhomes.com,10/09/2026 07:45,Drop,79,airport town homes,3,16,service_keyword
climatechangeltd.com,10/07/2026 07:45,Drop,79,climate change ltd,3,16,tech_compliance
photoswithbenefits.com,10/07/2026 07:45,Drop,79,photos with benefits,3,18,descriptive_other
antiquewebguide.com,10/09/2026 07:45,Drop,79,antique web guide,3,15,tech_compliance
deborahandrachel.com,10/06/2026 07:45,Drop,79,deborah and rachel,3,16,descriptive_other
livecleanclarity.com,10/08/2026 07:45,Drop,79,live clean clarity,3,16,descriptive_other
bagjoin.com,10/06/2026 07:45,Drop,79,bag join,2,7,descriptive_other
recovermyfees.com,10/06/2026 07:45,Drop,79,recover my fees,3,13,descriptive_other
edgemooreave.com,10/06/2026 07:45,Drop,79,edge moore ave,3,12,descriptive_other
findzipmarketing.com,10/06/2026 07:45,Drop,79,find zip marketing,3,16,tech_compliance
enablingeducators.com,10/09/2026 07:45,Drop,79,enabling educators,2,17,descriptive_other
powerfunzone.com,10/09/2026 07:45,Drop,79,power fun zone,3,12,descriptive_other
punjabmap.com,10/08/2026 07:45,Drop,79,punjab map,2,9,descriptive_other
penguinpure.com,10/09/2026 07:45,Drop,79,penguin pure,2,11,descriptive_other
emergencytaco.com,10/06/2026 07:45,Drop,79,emergency taco,2,13,descriptive_other
jinpowersolutions.com,10/08/2026 07:45,Drop,79,jin power solutions,3,17,descriptive_other
dietproswell.com,10/09/2026 07:45,Drop,79,diet pros well,3,12,descriptive_other
worldsairportsterminal.com,10/09/2026 07:45,Drop,79,worlds airports terminal,3,22,descriptive_other
surpriserecipevideo.com,10/06/2026 07:45,Drop,79,surprise recipe video,3,19,descriptive_other
legacylifeadvisory.com,10/08/2026 07:45,Drop,79,legacy life advisory,3,18,descriptive_other
discovercosmiccompass.com,10/09/2026 07:45,Drop,79,discover cosmic compass,3,21,descriptive_other
smsshort.com,10/07/2026 07:45,Drop,79,sms short,2,8,tech_compliance
wowsportscars.com,10/09/2026 07:45,Drop,79,wow sports cars,3,13,descriptive_other
ashgreeceshop.com,10/09/2026 07:45,Drop,79,ash greece shop,3,13,descriptive_other
globalaviationhub.com,10/07/2026 07:45,Drop,79,global aviation hub,3,17,descriptive_other
helpdeskindia.com,10/09/2026 07:45,Drop,79,help desk india,3,13,descriptive_other
wardsbridge.com,10/07/2026 07:45,Drop,79,wards bridge,2,11,descriptive_other
neuralfemale.com,10/09/2026 07:45,Drop,79,neural female,2,12,descriptive_other
ambersaint.com,10/07/2026 07:45,Drop,79,amber saint,2,10,descriptive_other
industrialspringsgroup.com,10/07/2026 07:45,Drop,79,industrial springs group,3,22,descriptive_other
muscleattitude.com,10/08/2026 07:45,Drop,79,muscle attitude,2,14,descriptive_other
shoregunshows.com,10/09/2026 07:45,Drop,79,shore gun shows,3,13,descriptive_other
blueskyrenew.com,10/06/2026 07:45,Drop,79,blue sky renew,3,12,descriptive_other
biglandcloud.com,10/06/2026 07:45,Drop,79,big land cloud,3,12,tech_compliance
conjetpro.com,10/06/2026 07:45,Drop,79,con jet pro,3,9,descriptive_other
proamericapay.com,10/09/2026 07:45,Drop,79,pro america pay,3,13,descriptive_other
displayreality.com,10/08/2026 07:45,Drop,79,display reality,2,14,descriptive_other
southstrandmoms.com,10/06/2026 07:45,Drop,79,south strand moms,3,15,descriptive_other
loungehairsimulation.com,10/06/2026 07:45,Drop,79,lounge hair simulation,3,20,descriptive_other
martlight.com,10/06/2026 07:45,Drop,79,mart light,2,9,descriptive_other
saleshughes.com,10/06/2026 07:45,Drop,79,sales hughes,2,11,descriptive_other
spottedrainbowschool.com,10/09/2026 07:45,Drop,79,spotted rainbow school,3,20,descriptive_other
superchargersmap.com,10/08/2026 07:45,Drop,79,super chargers map,3,16,descriptive_other
theecrownjewel.com,10/08/2026 07:45,Drop,79,thee crown jewel,3,14,descriptive_other
timothyjamesfit.com,10/07/2026 07:45,Drop,79,timothy james fit,3,15,descriptive_other
iphonecloud.com,10/09/2026 07:45,Drop,79,iphone cloud,2,11,tech_compliance
edgeworkstechnologies.com,10/09/2026 07:45,Drop,79,edge works technologies,3,21,descriptive_other
linksmining.com,10/06/2026 07:45,Drop,79,links mining,2,11,descriptive_other
hoseltd.com,10/07/2026 07:45,Drop,79,hose ltd,2,7,descriptive_other
yourmarketnow.com,10/07/2026 07:45,Drop,79,your market now,3,13,descriptive_other
goldenfashionworlds.com,10/06/2026 07:45,Drop,79,golden fashion worlds,3,19,descriptive_other
pioneercorporatesolutions.com,10/07/2026 07:45,Drop,79,pioneer corporate solutions,3,25,descriptive_other
victorianeralovers.com,10/09/2026 07:45,Drop,79,victorian era lovers,3,18,descriptive_other
thebeerbarn.com,10/09/2026 07:45,Drop,79,the beer barn,3,11,descriptive_other
teeshirtsgallery.com,10/06/2026 07:45,Drop,79,tee shirts gallery,3,16,descriptive_other
hellopoweroffer.com,10/08/2026 07:45,Drop,79,hello power offer,3,15,descriptive_other
urbanmeetshouse.com,10/07/2026 07:45,Drop,79,urban meets house,3,15,service_keyword
starseedasylum.com,10/09/2026 07:45,Drop,79,star seed asylum,3,14,descriptive_other
citeshift.com,10/07/2026 07:45,Drop,79,cite shift,2,9,descriptive_other
cbsbankmonaco.com,10/09/2026 07:45,Drop,79,cbs bank monaco,3,13,descriptive_other
pinksaltdiet.com,10/06/2026 07:45,Drop,79,pink salt diet,3,12,descriptive_other
culturalfunds.com,10/07/2026 07:45,Drop,79,cultural funds,2,13,descriptive_other
autorentaldealer.com,10/07/2026 07:45,Drop,79,auto rental dealer,3,16,service_keyword
docflowagent.com,10/09/2026 07:45,Drop,79,doc flow agent,3,12,tech_compliance
coconcertsmorrison.com,10/06/2026 07:45,Drop,79,co concerts morrison,3,18,descriptive_other
topartoys.com,10/06/2026 07:45,Drop,79,top ar toys,3,9,tech_compliance
buycompanybrand.com,10/09/2026 07:45,Drop,79,buy company brand,3,15,descriptive_other
drugrehabcrystal.com,10/08/2026 07:45,Drop,79,drug rehab crystal,3,16,service_keyword
pernicetrust.com,10/09/2026 07:45,Drop,79,per nice trust,3,12,descriptive_other
sooskinshop.com,10/09/2026 07:45,Drop,79,soo skin shop,3,11,descriptive_other
thegoodgoal.com,10/08/2026 07:45,Drop,79,the good goal,3,11,descriptive_other
happycabinsigns.com,10/06/2026 07:45,Drop,79,happy cabin signs,3,15,descriptive_other
biglifecommunity.com,10/08/2026 07:45,Drop,79,big life community,3,16,descriptive_other
freewifeeye.com,10/08/2026 07:45,Drop,79,free wife eye,3,11,descriptive_other
soundinsulationtips.com,10/09/2026 07:45,Drop,79,sound insulation tips,3,19,descriptive_other
whitedigest.com,10/08/2026 07:45,Drop,79,white digest,2,11,descriptive_other
airporttoptips.com,10/08/2026 07:45,Drop,79,airport top tips,3,14,descriptive_other
agecellrepair.com,10/09/2026 07:45,Drop,79,age cell repair,3,13,service_keyword
interndiscovery.com,10/08/2026 07:45,Drop,79,intern discovery,2,15,descriptive_other
musclecarexchange.com,10/06/2026 07:45,Drop,79,muscle car exchange,3,17,descriptive_other
fixmyrewards.com,10/07/2026 07:45,Drop,79,fix my rewards,3,12,descriptive_other
fullautomaticguns.com,10/06/2026 07:45,Drop,79,full automatic guns,3,17,descriptive_other
beautifulwavetrends.com,10/06/2026 07:45,Drop,79,beautiful wave trends,3,19,descriptive_other
gofiglow.com,10/07/2026 07:45,Drop,79,go fig low,3,8,descriptive_other
jillstoresus.com,10/09/2026 07:45,Drop,79,jill stores us,3,12,descriptive_other
lastcallfly.com,10/08/2026 07:45,Drop,79,last call fly,3,11,descriptive_other
mymortgagetips.com,10/09/2026 07:45,Drop,79,my mortgage tips,3,14,service_keyword
jupiterfit.com,10/08/2026 07:45,Drop,79,jupiter fit,2,10,descriptive_other
andersonandmoore.com,10/07/2026 07:45,Drop,79,anderson and moore,3,16,descriptive_other
thepornempire.com,10/07/2026 07:45,Drop,79,the porn empire,3,13,descriptive_other
cynthiagraceenterprises.com,10/06/2026 07:45,Drop,79,cynthia grace enterprises,3,23,descriptive_other
aibreakreminder.com,10/07/2026 07:45,Drop,79,ai break reminder,3,15,tech_compliance
goldnetworkit.com,10/08/2026 07:45,Drop,79,gold network it,3,13,descriptive_other
indiaskillcapital.com,10/06/2026 07:45,Drop,79,india skill capital,3,17,descriptive_other
hedgestonelive.com,10/06/2026 07:45,Drop,79,hedge stone live,3,14,service_keyword
minsmax.com,10/06/2026 07:45,Drop,79,mins max,2,7,descriptive_other
myseastars.com,10/08/2026 07:45,Drop,79,my sea stars,3,10,descriptive_other
darkrocksolutions.com,10/09/2026 07:45,Drop,79,dark rock solutions,3,17,descriptive_other
itsyourneighborhood.com,10/07/2026 07:45,Drop,79,its your neighborhood,3,19,descriptive_other
readysteadygrad.com,10/07/2026 07:45,Drop,79,ready steady grad,3,15,descriptive_other
choicedefined.com,10/08/2026 07:45,Drop,79,choice defined,2,13,descriptive_other
bedsforseniors.com,10/07/2026 07:45,Drop,79,beds for seniors,3,14,descriptive_other
penplanprojects.com,10/08/2026 07:45,Drop,79,pen plan projects,3,15,descriptive_other
httpsdev.com,10/08/2026 07:45,Drop,79,https dev,2,8,tech_compliance
theoceanbody.com,10/08/2026 07:45,Drop,79,the ocean body,3,12,descriptive_other
makeyoursecurity.com,10/07/2026 07:45,Drop,79,make your security,3,16,tech_compliance
nativebirdstore.com,10/06/2026 07:45,Drop,79,native bird store,3,15,descriptive_other
partnersinpassion.com,10/09/2026 07:45,Drop,79,partner sin passion,3,17,descriptive_other
iranprophecy.com,10/08/2026 07:45,Drop,79,iran prophecy,2,12,descriptive_other
thegroweden.com,10/07/2026 07:45,Drop,79,the grow eden,3,11,descriptive_other
foodplusnutrition.com,10/06/2026 07:45,Drop,79,food plus nutrition,3,17,descriptive_other
enablingmoments.com,10/06/2026 07:45,Drop,79,enabling moments,2,15,descriptive_other
lukegreenheart.com,10/09/2026 07:45,Drop,79,luke green heart,3,14,descriptive_other
bargainbust.com,10/08/2026 07:45,Drop,79,bargain bust,2,11,descriptive_other
afterprivacy.com,10/09/2026 07:45,Drop,79,after privacy,2,12,tech_compliance
twoplayersgames.com,10/06/2026 07:45,Drop,79,two players games,3,15,descriptive_other
mymetaserve.com,10/09/2026 07:45,Drop,79,my meta serve,3,11,descriptive_other
governradar.com,10/09/2026 07:45,Drop,79,govern radar,2,11,descriptive_other
endresultaudio.com,10/06/2026 07:45,Drop,79,end result audio,3,14,descriptive_other
glowmystery.com,10/07/2026 07:45,Drop,79,glow mystery,2,11,descriptive_other
straightgonegay.com,10/06/2026 07:45,Drop,79,straight gone gay,3,15,descriptive_other
echoloopai.com,10/07/2026 07:45,Drop,79,echo loop ai,3,10,tech_compliance
wetroomsstores.com,10/09/2026 07:45,Drop,79,wet rooms stores,3,14,descriptive_other
geosyncgps.com,10/09/2026 07:45,Drop,79,geo sync gps,3,10,descriptive_other
opendeepflows.com,10/07/2026 07:45,Drop,79,open deep flows,3,13,descriptive_other
eurohills.com,10/09/2026 07:45,Drop,79,euro hills,2,9,descriptive_other
baldmanjapan.com,10/08/2026 07:45,Drop,79,bald man japan,3,12,descriptive_other
goinpostalusa.com,10/07/2026 07:45,Drop,79,goin postal usa,3,13,descriptive_other
gravelada.com,10/09/2026 07:45,Drop,79,gravel ada,2,9,descriptive_other
teethcleaningdentist.com,10/07/2026 07:45,Drop,79,teeth cleaning dentist,3,20,service_keyword
flexpointco.com,10/09/2026 07:45,Drop,79,flex point co,3,11,descriptive_other
portmoodyart.com,10/08/2026 07:45,Drop,79,port moody art,3,12,descriptive_other
agreeforming.com,10/06/2026 07:45,Drop,79,agree forming,2,12,descriptive_other
truemotionzone.com,10/06/2026 07:45,Drop,79,true motion zone,3,14,descriptive_other
mylungtank.com,10/06/2026 07:45,Drop,79,my lung tank,3,10,descriptive_other
graybrushcollections.com,10/07/2026 07:45,Drop,79,gray brush collections,3,20,descriptive_other
angusgrant.com,10/09/2026 07:45,Drop,79,angus grant,2,10,descriptive_other
egotoolshops.com,10/06/2026 07:45,Drop,79,ego tool shops,3,12,descriptive_other
simpleadress.com,10/09/2026 07:45,Drop,79,sim plea dress,3,12,descriptive_other
wildclear.com,10/07/2026 07:45,Drop,79,wild clear,2,9,descriptive_other
theactualtime.com,10/07/2026 07:45,Drop,79,the actual time,3,13,descriptive_other
gaysplain.com,10/06/2026 07:45,Drop,79,gays plain,2,9,descriptive_other
chosenkidsonline.com,10/08/2026 07:45,Drop,79,chosen kids online,3,16,tech_compliance
streamsrightnow.com,10/07/2026 07:45,Drop,79,streams right now,3,15,descriptive_other
thedealgame.com,10/09/2026 07:45,Drop,79,the deal game,3,11,descriptive_other
leapphysicianadvisor.com,10/07/2026 07:45,Drop,79,leap physician advisor,3,20,descriptive_other
littleredmedia.com,10/06/2026 07:45,Drop,79,little red media,3,14,tech_compliance
greenpluslawn.com,10/07/2026 07:45,Drop,79,green plus lawn,3,13,service_keyword
luckypennylife.com,10/07/2026 07:45,Drop,79,lucky penny life,3,14,descriptive_other
celebratezone.com,10/08/2026 07:45,Drop,79,celebrate zone,2,13,descriptive_other
batlocal.com,10/07/2026 07:45,Drop,79,bat local,2,8,descriptive_other
bridgebounds.com,10/08/2026 07:45,Drop,79,bridge bounds,2,12,descriptive_other
everytrading.com,10/08/2026 07:45,Drop,79,every trading,2,12,descriptive_other
zoomdivorceattorneys.com,10/08/2026 07:45,Drop,79,zoom divorce attorneys,3,20,service_keyword
softflyshop.com,10/09/2026 07:45,Drop,79,soft fly shop,3,11,descriptive_other
howardhomeimprovement.com,10/09/2026 07:45,Drop,79,howard home improvement,3,21,service_keyword
historyvehiclereports.com,10/07/2026 07:45,Drop,79,history vehicle reports,3,21,descriptive_other
stuffjet.com,10/06/2026 07:45,Drop,79,stuff jet,2,8,descriptive_other
inflammatoryzombiecells.com,10/08/2026 07:45,Drop,79,inflammatory zombie cells,3,23,descriptive_other
fuckingwoman.com,10/07/2026 07:45,Drop,79,fucking woman,2,12,descriptive_other
tidalwavesound.com,10/09/2026 07:45,Drop,79,tidal wave sound,3,14,descriptive_other
chainchester.com,10/09/2026 07:45,Drop,79,chain chester,2,12,descriptive_other
pestbeam.com,10/08/2026 07:45,Drop,79,pest beam,2,8,service_keyword
neckdownapparel.com,10/06/2026 07:45,Drop,79,neck down apparel,3,15,descriptive_other
legacydigitalcompass.com,10/08/2026 07:45,Drop,79,legacy digital compass,3,20,tech_compliance
yourfloweroutlet.com,10/07/2026 07:45,Drop,79,your flower outlet,3,16,descriptive_other
passportphonetickets.com,10/09/2026 07:45,Drop,79,passport phone tickets,3,20,descriptive_other
worldwhiskyexperience.com,10/09/2026 07:45,Drop,79,world whisky experience,3,21,descriptive_other
communityrecruitinghire.com,10/09/2026 07:45,Drop,79,community recruiting hire,3,23,descriptive_other
cosmiccollectiveco.com,10/09/2026 07:45,Drop,79,cosmic collective co,3,18,descriptive_other
shebelieveshim.com,10/09/2026 07:45,Drop,79,she believes him,3,14,descriptive_other
shopkeepgroup.com,10/06/2026 07:45,Drop,79,shop keep group,3,13,descriptive_other
americafossilenergy.com,10/07/2026 07:45,Drop,79,america fossil energy,3,19,tech_compliance
arablandshop.com,10/07/2026 07:45,Drop,79,arab land shop,3,12,descriptive_other
lindsayadamsdesign.com,10/07/2026 07:45,Drop,79,lindsay adams design,3,18,descriptive_other
becomeyoureality.com,10/08/2026 07:45,Drop,79,become you reality,3,16,descriptive_other
teamliverecover.com,10/09/2026 07:45,Drop,79,team live recover,3,15,descriptive_other
perezironwork.com,10/06/2026 07:45,Drop,79,perez iron work,3,13,descriptive_other
hiretalentsolutions.com,10/09/2026 07:45,Drop,79,hire talent solutions,3,19,descriptive_other
linethrough.com,10/06/2026 07:45,Drop,79,line through,2,11,descriptive_other
capablehandssub.com,10/06/2026 07:45,Drop,79,capable hands sub,3,15,descriptive_other
alliancemade.com,10/09/2026 07:45,Drop,79,alliance made,2,12,descriptive_other
discoverairports.com,10/06/2026 07:45,Drop,79,discover airports,2,16,descriptive_other
stablecoincollege.com,10/09/2026 07:45,Drop,79,stable coin college,3,17,descriptive_other
trusteddebtfix.com,10/09/2026 07:45,Drop,79,trusted debt fix,3,14,descriptive_other
getfarmvest.com,10/09/2026 07:45,Drop,79,get farm vest,3,11,descriptive_other
statelinepride.com,10/06/2026 07:45,Drop,79,state line pride,3,14,descriptive_other
starfamilydifference.com,10/07/2026 07:45,Drop,79,star family difference,3,20,descriptive_other
yourthrivingcareer.com,10/07/2026 07:45,Drop,79,your thriving career,3,18,descriptive_other
letsgrowenergy.com,10/08/2026 07:45,Drop,79,lets grow energy,3,14,tech_compliance
debbiepro.com,10/08/2026 07:45,Drop,79,debbie pro,2,9,descriptive_other
starbrightfutures.com,10/07/2026 07:45,Drop,79,star bright futures,3,17,descriptive_other
showbam.com,10/06/2026 07:45,Drop,79,show bam,2,7,descriptive_other
sensorstudiousa.com,10/08/2026 07:45,Drop,79,sensor studio usa,3,15,descriptive_other
alphahusbandsclub.com,10/08/2026 07:45,Drop,79,alpha husbands club,3,17,descriptive_other
kingdomreachmarketing.com,10/07/2026 07:45,Drop,79,kingdom reach marketing,3,21,tech_compliance
restaurantshows.com,10/09/2026 07:45,Drop,79,restaurant shows,2,15,service_keyword
shapeyourminds.com,10/06/2026 07:45,Drop,79,shape your minds,3,14,descriptive_other
chewpops.com,10/07/2026 07:45,Drop,79,chew pops,2,8,descriptive_other
funnyhawk.com,10/06/2026 07:45,Drop,79,funny hawk,2,9,descriptive_other
aiassetlabs.com,10/06/2026 07:45,Drop,79,ai asset labs,3,11,tech_compliance
multimodeconsultants.com,10/09/2026 07:45,Drop,79,multi mode consultants,3,20,descriptive_other
alexanderresgroup.com,10/06/2026 07:45,Drop,79,alexander res group,3,17,descriptive_other
lakelifeframes.com,10/06/2026 07:45,Drop,79,lake life frames,3,14,descriptive_other
retirementincomesite.com,10/09/2026 07:45,Drop,79,retirement income site,3,20,descriptive_other
backflowexpress.com,10/08/2026 07:45,Drop,79,back flow express,3,15,descriptive_other
creatingeagles.com,10/08/2026 07:45,Drop,79,creating eagles,2,14,descriptive_other
legalnurseconference.com,10/09/2026 07:45,Drop,79,legal nurse conference,3,20,service_keyword
wheatbelthealth.com,10/08/2026 07:45,Drop,79,wheat belt health,3,15,descriptive_other
letterfromchris.com,10/06/2026 07:45,Drop,79,letter from chris,3,15,descriptive_other
ethicalfire.com,10/09/2026 07:45,Drop,79,ethical fire,2,11,descriptive_other
chipcarinsurance.com,10/08/2026 07:45,Drop,79,chip car insurance,3,16,service_keyword
jayisaacai.com,10/09/2026 07:45,Drop,79,jay isaac ai,3,10,tech_compliance
designerneed.com,10/06/2026 07:45,Drop,79,designer need,2,12,descriptive_other
runningapex.com,10/07/2026 07:45,Drop,79,running apex,2,11,descriptive_other
myavatarstickers.com,10/09/2026 07:45,Drop,79,my avatar stickers,3,16,descriptive_other
systemproconsulting.com,10/09/2026 07:45,Drop,79,system pro consulting,3,19,descriptive_other
sensoryscenes.com,10/08/2026 07:45,Drop,79,sensory scenes,2,13,descriptive_other
gamespokerdom.com,10/09/2026 07:45,Drop,79,games poker dom,3,13,descriptive_other
homegardennest.com,10/06/2026 07:45,Drop,79,home garden nest,3,14,service_keyword
fatactress.com,10/09/2026 07:45,Drop,79,fat actress,2,10,descriptive_other
theskinnybeach.com,10/06/2026 07:45,Drop,79,the skinny beach,3,14,descriptive_other
zenthelife.com,10/07/2026 07:45,Drop,79,zen the life,3,10,descriptive_other
secretbenefitsaustralia.com,10/07/2026 07:45,Drop,79,secret benefits australia,3,23,descriptive_other
smartfusiontechnology.com,10/08/2026 07:45,Drop,79,smart fusion technology,3,21,descriptive_other
trycapitalbrief.com,10/08/2026 07:45,Drop,79,try capital brief,3,15,descriptive_other
culturethroughleadership.com,10/06/2026 07:45,Drop,79,culture through leadership,3,24,descriptive_other
katsimonauthor.com,10/07/2026 07:45,Drop,79,kat simon author,3,14,descriptive_other
realstyleguides.com,10/09/2026 07:45,Drop,79,real style guides,3,15,descriptive_other
hanlockgroup.com,10/06/2026 07:45,Drop,79,han lock group,3,12,descriptive_other
virtualverseai.com,10/07/2026 07:45,Drop,79,virtual verse ai,3,14,tech_compliance
trapislandstore.com,10/09/2026 07:45,Drop,79,trap island store,3,15,descriptive_other
namiris.com,10/07/2026 07:45,Drop,79,nam iris,2,7,descriptive_other
thematthewsreview.com,10/08/2026 07:45,Drop,79,the matthews review,3,17,descriptive_other
sumstrike.com,10/08/2026 07:45,Drop,79,sum strike,2,9,descriptive_other
corepublicans.com,10/08/2026 07:45,Drop,79,co republicans,2,13,descriptive_other
summermadeeasy.com,10/08/2026 07:45,Drop,79,summer made easy,3,14,descriptive_other
kidheadquarters.com,10/08/2026 07:45,Drop,79,kid headquarters,2,15,descriptive_other
helpcarsworld.com,10/09/2026 07:45,Drop,79,help cars world,3,13,descriptive_other
groveterraceresidential.com,10/07/2026 07:45,Drop,79,grove terrace residential,3,23,descriptive_other
bambuddhalearning.com,10/08/2026 07:45,Drop,79,bam buddha learning,3,17,descriptive_other
fortivydefense.com,10/07/2026 07:45,Drop,79,fort ivy defense,3,14,descriptive_other
qualitytechonline.com,10/08/2026 07:45,Drop,79,quality tech online,3,17,tech_compliance
theflamestory.com,10/06/2026 07:45,Drop,79,the flame story,3,13,descriptive_other
redsuncon.com,10/09/2026 07:45,Drop,79,red sun con,3,9,descriptive_other
peterlouismodels.com,10/09/2026 07:45,Drop,79,peter louis models,3,16,descriptive_other
buddypunchmanagement.com,10/06/2026 07:45,Drop,79,buddy punch management,3,20,descriptive_other
pokerviewer.com,10/09/2026 07:45,Drop,79,poker viewer,2,11,descriptive_other
seatcoveronline.com,10/06/2026 07:45,Drop,79,seat cover online,3,15,tech_compliance
samsenera.com,10/08/2026 07:45,Drop,79,sam sen era,3,9,descriptive_other
totalhealthturn.com,10/08/2026 07:45,Drop,79,total health turn,3,15,descriptive_other
ecometaamerica.com,10/07/2026 07:45,Drop,79,eco meta america,3,14,descriptive_other
twelverent.com,10/08/2026 07:45,Drop,79,twelve rent,2,10,descriptive_other
cheaperpoint.com,10/06/2026 07:45,Drop,79,cheaper point,2,12,descriptive_other
thebunnybrand.com,10/09/2026 07:45,Drop,79,the bunny brand,3,13,descriptive_other
unitedblockchainnation.com,10/09/2026 07:45,Drop,79,united blockchain nation,3,22,tech_compliance
preprising.com,10/08/2026 07:45,Drop,79,prep rising,2,10,descriptive_other
comfycottageshop.com,10/08/2026 07:45,Drop,79,comfy cottage shop,3,16,descriptive_other
myexploitlab.com,10/07/2026 07:45,Drop,79,my exploit lab,3,12,tech_compliance
tidelinetechnology.com,10/09/2026 07:45,Drop,79,tide line technology,3,18,descriptive_other
patriotscard.com,10/08/2026 07:45,Drop,79,patriots card,2,12,descriptive_other
biodatabook.com,10/07/2026 07:45,Drop,79,bio data book,3,11,tech_compliance
divineautodetails.com,10/07/2026 07:45,Drop,79,divine auto details,3,17,service_keyword
vainname.com,10/07/2026 07:45,Drop,79,vain name,2,8,descriptive_other
mycareerchampion.com,10/08/2026 07:45,Drop,79,my career champion,3,16,descriptive_other
riseupwords.com,10/07/2026 07:45,Drop,79,rise up words,3,11,descriptive_other
honeybunchdesigns.com,10/07/2026 07:45,Drop,79,honey bunch designs,3,17,descriptive_other
trypicseo.com,10/09/2026 07:45,Drop,79,try pic seo,3,9,tech_compliance
fishingbusinesses.com,10/08/2026 07:45,Drop,79,fishing businesses,2,17,descriptive_other
getcheapfares.com,10/08/2026 07:45,Drop,79,get cheap fares,3,13,descriptive_other
diamondacecasino.com,10/08/2026 07:45,Drop,79,diamond ace casino,3,16,descriptive_other
baseballdrop.com,10/09/2026 07:45,Drop,79,baseball drop,2,12,descriptive_other
whynotoutdoors.com,10/06/2026 07:45,Drop,79,why not outdoors,3,14,descriptive_other
creativehopeworldwide.com,10/08/2026 07:45,Drop,79,creative hope worldwide,3,21,descriptive_other
claritytown.com,10/06/2026 07:45,Drop,79,clarity town,2,11,descriptive_other
quartzandbloom.com,10/09/2026 07:45,Drop,79,quartz and bloom,3,14,descriptive_other
mindmechanicclub.com,10/07/2026 07:45,Drop,79,mind mechanic club,3,16,descriptive_other
failclub.com,10/09/2026 07:45,Drop,79,fail club,2,8,descriptive_other
businessbrokercampaign.com,10/08/2026 07:45,Drop,79,business broker campaign,3,22,descriptive_other
careerforgeindia.com,10/09/2026 07:45,Drop,79,career forge india,3,16,descriptive_other
mediuminteractivepro.com,10/07/2026 07:45,Drop,79,medium interactive pro,3,20,descriptive_other
malaysiapropertyinc.com,10/06/2026 07:45,Drop,79,malaysia property inc,3,19,descriptive_other
timeflowing.com,10/09/2026 07:45,Drop,79,time flowing,2,11,descriptive_other
deadlycamp.com,10/09/2026 07:45,Drop,79,deadly camp,2,10,descriptive_other
submityourform.com,10/07/2026 07:45,Drop,79,submit your form,3,14,descriptive_other
goldenlebanon.com,10/08/2026 07:45,Drop,79,golden lebanon,2,13,descriptive_other
fuzzylogicmedia.com,10/08/2026 07:45,Drop,79,fuzzy logic media,3,15,tech_compliance
buyrootedremedies.com,10/09/2026 07:45,Drop,79,buy rooted remedies,3,17,descriptive_other
eaglegolfhomes.com,10/09/2026 07:45,Drop,79,eagle golf homes,3,14,service_keyword
oakextensions.com,10/09/2026 07:45,Drop,79,oak extensions,2,13,descriptive_other
chainmintai.com,10/07/2026 07:45,Drop,79,chain mint ai,3,11,tech_compliance
valleeair.com,10/08/2026 07:45,Drop,79,val lee air,3,9,descriptive_other
aiprosperityvault.com,10/09/2026 07:45,Drop,79,ai prosperity vault,3,17,tech_compliance
engagemailing.com,10/09/2026 07:45,Drop,79,engage mailing,2,13,descriptive_other
blackmorningsun.com,10/07/2026 07:45,Drop,79,black morning sun,3,15,descriptive_other
journeyinteducation.com,10/09/2026 07:45,Drop,79,journey int education,3,19,descriptive_other
privateexpression.com,10/06/2026 07:45,Drop,79,private expression,2,17,descriptive_other
megaaaanest.com,10/06/2026 07:45,Drop,79,mega aaa nest,3,11,descriptive_other
marlinkframework.com,10/09/2026 07:45,Drop,79,mar link framework,3,16,descriptive_other
softstartworld.com,10/08/2026 07:45,Drop,79,soft start world,3,14,descriptive_other
casegrace.com,10/09/2026 07:45,Drop,79,case grace,2,9,descriptive_other
planttasteco.com,10/09/2026 07:45,Drop,79,plant taste co,3,12,descriptive_other
