domain,price,date,venue,source,week,city,words,used_before
saltlakecitycleaningservices.com,395.0,4/11,Afternic,Facebook,april-13-2026,saltlakecity,cleaning services,0
lasvegasbarber.com,599.0,04/12,Afternic,DomainX,april-14-2025,lasvegas,barber,0
maidslosangeles.com,150.0,4/16,Spaceship,Facebook,april-20-2026,losangeles,maids,0
autobuffalo.com,280.0,4/22,Spaceship,Twitter,april-27-2026,buffalo,auto,0
minneapolisautodetailing.com,100.0,8/18,Spaceship,Twitter,august-25-2025,minneapolis,auto detailing,0
nyclawexperts.com,249.0,12/9,Afternic,Twitter,december-15-2025,nyc,law experts,0
montgomerypressurewashing.com,100.0,12/13,Spaceship,Twitter,december-15-2025,montgomery,pressurewashing,0
chicagoupholstery.com,1595.0,12/21,Afternic,NamePros,december-22-2025,chicago,upholstery,0
landscapingservicesjacksonville.com,130.0,12/28,Afternic,Facebook,december-29-2025,jacksonville,landscaping services,0
riversidelawncare.com,449.0,1/30,Afternic,Facebook,february-2-2026,riverside,lawncare,0
atlantataxservice.com,100.0,1/27,Afternic,Twitter,february-2-2026,atlanta,tax service,0
dallaspestremoval.com,176.0,2/22,Afternic,Twitter,february-23-2026,dallas,pest removal,0
naplesgaragedoorrepair.com,150.0,2/19,Afternic,Facebook,february-23-2026,naples,garagedoor repair,0
nychomecleaners.com,125.0,1/25,UnstoppableDomains,Twitter,january-26-2026,nyc,home cleaners,0
lexingtonpaving.com,111.0,1/25,Spaceship,Twitter,january-26-2026,lexington,paving,0
housecleaningfortworth.com,130.0,1/2,Afternic,Facebook,january-5-2026,fortworth,house cleaning,0
sacramentotowingservices.com,365.0,07/11,Dynadot,Twitter,july-14-2025,sacramento,towing services,0
realestateattorneyhouston.com,295.0,7/14,Afternic,Facebook,july-20-2026,houston,realestate attorney,0
clevelandroofingcontractors.com,350.0,07/15,Sedo,Twitter,july-21-2025,cleveland,roofing contractors,0
garagedoorrepairraleigh.com,250.0,07/14,Afternic,Twitter,july-21-2025,raleigh,garagedoor repair,0
bronxcriminallawyers.com,1988.0,7/3,Afternic,Twitter,july-6-2026,bronx,criminal lawyers,1
minneapolisroofrepair.com,100.0,7/1,Afternic,Twitter,july-6-2026,minneapolis,roofrepair,0
carpetcleaningnashville.com,200.0,06/30,Afternic,Twitter,july-7-2025,nashville,carpet cleaning,0
treeservicehonolulu.com,300.0,5/26,Afternic,Twitter,june-1-2026,honolulu,treeservice,0
naplescooling.com,915.0,06/19,Afternic,NamePros,june-23-2025,naples,cooling,0
roofersandiego.com,899.0,06/19,Afternic,NamePros,june-23-2025,sandiego,roofer,0
minneapolisinsurance.com,4999.0,6/23,Afternic,Twitter,june-29-2026,minneapolis,insurance,0
atlantahvac.com,1850.0,06/28,Afternic,Twitter,june-30-2025,atlanta,hvac,0
propertymanagementmiamibeach.com,150.0,06/27,Afternic,Twitter,june-30-2025,miamibeach,propertymanagement,0
manhattancriminaldefense.com,199.0,6/4,Atom,DomainX,june-8-2026,manhattan,criminal defense,0
limousineservicesaustin.com,100.0,6/3,Atom,Facebook,june-8-2026,austin,limousine services,0
tampahandymanservices.com,100.0,6/3,Afternic,Twitter,june-8-2026,tampa,handyman services,0
houstonelectricalcontractors.com,450.0,3/10,Afternic,Twitter,march-16-2026,houston,electrical contractors,0
therapyrochester.com,388.0,3/11,Afternic,Facebook,march-16-2026,rochester,therapy,0
durhamphotographer.com,199.0,03/17,Afternic,Twitter,march-24-2025,durham,photographer,0
philadelphianotaryservices.com,100.0,05/09,DaaZ,Twitter,may-12-2025,philadelphia,notary services,0
hoteldetroit.com,1000.0,5/2,Afternic,Facebook,may-4-2026,detroit,hotel,0
chicagocleaningservices.com,599.0,4/29,Afternic,Twitter,may-4-2026,chicago,cleaning services,0
autorepairglendale.com,300.0,5/1,Afternic,Facebook,may-4-2026,glendale,autorepair,0
landscapinglincoln.com,195.0,5/1,Afternic,Facebook,may-4-2026,lincoln,landscaping,0
flooringcompanychicago.com,100.0,11/8,Afternic,Twitter,november-10-2025,chicago,flooring company,0
spokanecountertops.com,375.0,8/7,Afternic,Twitter,august-10,spokane,countertops,1
limoservicephiladelphia.com,295.0,8/6,Afternic,Facebook,august-10,philadelphia,limo service,1
bathroomremodelingomaha.com,499.0,8/20,Spaceship,Twitter,august-24,omaha,bathroom remodeling,1
sacramentoconcretecontractor.com,250.0,8/17,Afternic,Twitter,august-24,sacramento,concrete contractor,1
philadelphiamaids.com,475.0,9/12,Spaceship,Twitter,september-14,philadelphia,maids,1
chattanoogacleaningservices.com,395.0,9/15,Afternic,Facebook,september-21,chattanooga,cleaning services,1
maidservicesseattle.com,195.0,9/15,Afternic,Facebook,september-21,seattle,maid services,1
poolchicago.com,100.0,9/21,Afternic,Twitter,september-28,chicago,pool,1
phoenixcleaningservices.com,1295.0,9/3,Afternic,NamePros,september-7,phoenix,cleaning services,1
losangelesroofers.com,400.0,8/31,Afternic,Twitter,september-7,losangeles,roofers,1
