activestack.com	actives tack	active stack
administrationsmallar.com	administrations mall ar	administration small ar
aifoodscan.com	ai food scan	ai foods can
airlessperu.com	airless peru	air less peru
aistockportfolio.com	ai stockport folio	ai stock portfolio
allgoodstuff.com	allgood stuff	all good stuff
aluminiumcasthouse.com	alum inium cast house	aluminium cast house
applewoodrevolt.com	applewood revolt	apple wood revolt
appshipping.com	apps hipping	app shipping
arcadehollow.com	ar cade hollow	arcade hollow
assumeyourhome.com	assume you rhome	assume your home
ballstart.com	balls tart	ball start
begsport.com	begs port	beg sport
betballwin.com	bet ballwin	bet ball win
betwildcards.com	bet wildcards	bet wild cards
blonderover.com	blonder over	blonde rover
bluecopilot.com	blue copilot	blue co pilot
bluedreamcourier.com	blued ream courier	blue dream courier
blueridgeassociates.com	blueridge associates	blue ridge associates
bluestardev.com	bluest ar dev	blue star dev
bookhouseboats.com	book houseboats	book house boats
bowwowwonderful.com	bowwow wonderful	bow wow wonderful
bridgeviewcleaning.com	bridgeview cleaning	bridge view cleaning
canadafirstaid.com	canada fir staid	canada first aid
capitalslots.com	capitals lots	capital slots
carproff.com	carp roff	car pr off
catskillsvenues.com	catskills venues	cat skills venues
changewithspotify.com	change wit hs po ti fy	change with spotify
colourfreestyle.com	co lour freestyle	colour freestyle
copiloteverywhere.com	copilot everywhere	co pilot everywhere
dealsit.com	deal sit	deals it
defencehouse.com	de fence house	defence house
diningwithanna.com	dining wit hanna	dining with anna
doorshark.com	doors hark	door shark
eaglenestco.com	eaglenest co	eagle nest co
eatchahand.com	eat ch ah and	eat cha hand
educationalkidsplay.com	educational kid splay	educational kids play
failsmall.com	fails mall	fail small
festsale.com	fests ale	fest sale
filmstickusa.com	films tick usa	film stick usa
findhoneysnow.com	find honeys now	find honey snow
findscaledigital.com	finds cale digital	find scale digital
firelightgames.com	firelight games	fire light games
foreveryhang.com	fore very hang	for every hang
foreverymind.com	fore very mind	for every mind
forexexperttrader.com	for ex expert trader	forex expert trader
futureskillacademy.com	futures kill academy	future skill academy
gameshareit.com	games ha reit	game share it
gardenslice.com	gardens lice	garden slice
geldimpulse.com	geld impulse	gel dim pulse
gemstarvisions.com	gems tar visions	gem star visions
globalspiderweb.com	global spiderweb	global spider web
goshallow.com	gosh allow	go shallow
gothriveai.com	goth rive ai	go thrive ai
gusherpumps.com	gusher pumps	gus her pumps
harbourai.com	ha rb our ai	harbour ai
herbiogen.com	her biogen	her bio gen
hostingcostarica.com	hosting co sta ri ca	hosting costa rica
indiancoincraft.com	indian co inc raft	indian coin craft
instantshoppingzone.com	instants hopping zone	instant shopping zone
interlaceit.com	interlace it	inter lace it
intermixstrength.com	intermix strength	inter mix strength
irontigersmart.com	iron tigers mart	iron tiger smart
justdreamllc.com	just dr ea ml lc	just dream llc
katinstore.com	ka tin store	kat ins tore
knockstarpod.com	knocks tar pod	knock star pod
linkedinlogsbuilders.com	linked in logs builders	linkedin logs builders
loveskinfood.com	loves kin food	love skin food
makeshots.com	makes hots	make shots
marksbenfield.com	mark sb enfield	marks ben field
mlssports.com	ml ss ports	mls sports
modeupclean.com	mode upc lean	mode up clean
moneypolymath.com	money polymath	money poly math
moneyswing.com	moneys wing	money swing
moosecreekcenter.com	moosecreek center	moose creek center
myshortebook.com	my sh or te book	my short ebook
newhopebites.com	newhope bites	new hope bites
newtrendfest.com	newt rend fest	new trend fest
nextramart.com	next ra mart	next ram art
normaxis.com	norma xis	norm axis
nswcommunications.com	ns wc om muni cations	nsw communications
oilstablecoin.com	oil stablecoin	oil stable coin
onestopschools.com	ones top schools	one stop schools
palmship.com	palms hip	palm ship
pingarden.com	ping arden	pin garden
prehow.com	pr eh ow	pre how
ratsrepus.com	rats re pus	rats rep us
raymorehomes.com	raymore homes	ray more homes
redrockoutdoors.com	redrock outdoors	red rock outdoors
relyrealestate.com	rely realest ate	rely real estate
ridgelineit.com	ridgeline it	ridge line it
rockportsurfaces.com	rockport surfaces	rock port surfaces
santamonicachronicle.com	santamonica chronicle	santa monica chronicle
silencescore.com	silences core	silence score
sitspottrain.com	sits pot train	sit spot train
skirtsilk.com	skirts ilk	skirt silk
solsanjuan.com	sol sanjuan	sol san juan
southbaycenter.com	southbay center	south bay center
southbayeye.com	southbay eye	south bay eye
spinsplash.com	spins plash	spin splash
spotifyheadstart.com	spot ifyh eads tart	spotify head start
sprayundcare.com	spray un dc are	spray und care
stablecoinswap.com	stablecoin swap	stable coin swap
stackcopilot.com	stack copilot	stack co pilot
stakesoft.com	stakes oft	stake soft
stanleylegacyllc.com	stanley leg acyl lc	stanley legacy llc
steepslopeconstruction.com	steeps lope construction	steep slope construction
stonebridgeai.com	stonebridge ai	stone bridge ai
subscore.com	subs core	sub score
theakinanalytics.com	thea kin analytics	the akin analytics
theatreticketsco.com	the at re tickets co	theatre tickets co
themomsmarketplace.com	them oms marketplace	the moms marketplace
thewallguy.com	thew all guy	the wall guy
thewavebreeze.com	thew ave breeze	the wave breeze
thirdsidenetwork.com	thirds ide network	third side network
tommytopup.com	tommy to pup	tommy top up
tourships.com	tours hips	tour ships
tradesidesales.com	trades ide sales	trade side sales
transactorpay.com	transactor pay	trans actor pay
travellingjack.com	travel ling jack	travelling jack
trendingcolour.com	trending co lour	trending colour
twinoaksplace.com	twinoaks place	twin oaks place
unlockedrealestate.com	unlocked realest ate	unlocked real estate
useoutscale.com	use outs cale	use out scale
usesurge.com	uses urge	use surge
valleyhomecooling.com	valleyhome cooling	valley home cooling
visitpigeonforge.com	visit pigeonforge	visit pigeon forge
wespotcars.com	we spot cars	wes pot cars
withcopilots.com	with copilots	with co pilots
woodsoftdigital.com	woods oft digital	wood soft digital
yogawellspring.com	yoga wellspring	yoga well spring
yourecave.com	you rec ave	youre cave
yourmaths.com	your mat hs	your maths
