addsold.com	add sold	adds old
agentstakes.com	agent stakes	agents takes
aifoodscan.com	ai food scan	ai foods can
airlessperu.com	airless peru	air less peru
aluminiumcasthouse.com		aluminium cast house
blonderover.com	blonder over	blonde rover
bluecopilot.com	blue copilot	blue co pilot
bluestardev.com	bluest ar dev	blue star dev
bookhouseboats.com	book houseboats	book house boats
botgamers.com		bot gamers
brandkat.com		brand kat
buysellcbd.com		buy sell cbd
canadafirstaid.com	canada fir staid	canada first aid
carstake.com	car stake	cars take
catskillsvenues.com	catskills venues	cat skills venues
changewithspotify.com	change wit hs po ti fy	change with spotify
colourfreestyle.com	col our freestyle	colour freestyle
copiloteverywhere.com	copilot everywhere	co pilot everywhere
cryvonlabs.com		cry von labs
dealsit.com	deal sit	deals it
defencehouse.com	de fence house	defence house
dianewestrum.com	diane we strum	diane west rum
diningwithanna.com	dining wit hanna	dining with anna
eatchahand.com	eat ch ah and	eat cha hand
ecologyandmindset.com	ecology and mind set	ecology and mindset
ericmeta.com	eric me ta	eric meta
eventourmedia.com	even tour media	event our media
excelsisfinance.com	excels is finance	excel sis finance
findhoneysnow.com	find honeys now	find honey snow
forexexperttrader.com	for ex expert trader	forex expert trader
freightbuzzllc.com		freight buzz llc
gangstag.com	gang stag	gangs tag
geldimpulse.com	geld impulse	gel dim pulse
girlscanstem.com	girl scan stem	girls can stem
gusherpumps.com	gusher pumps	gus her pumps
harbourai.com	ha rb our ai	harbour ai
herbiogen.com	her biogen	her bio gen
heywes.com		hey wes
hostingcostarica.com	hosting co sta ri ca	hosting costa rica
interlaceit.com	interlace it	inter lace it
irontigersmart.com	iron tigers mart	iron tiger smart
justdreamllc.com	just dr ea ml lc	just dream llc
katinstore.com		kat ins tore
keysandcounsel.com	key sand counsel	keys and counsel
lestonai.com	lest on ai	les ton ai
linkedinlogsbuilders.com	linked in logs builders	linkedin logs builders
meetsageai.com	meet sage ai	meets age ai
metaaielections.com	me ta ai elections	meta ai elections
metaeverybody.com	me ta everybody	meta everybody
metasam.com	met as am	meta sam
mlssports.com	ml ss ports	mls sports
monarchyllc.com		monarchy llc
moneypolymath.com	money polymath	money poly math
myshortebook.com	my sh or te book	my short ebook
nswcommunications.com	ns wc om muni cations	nsw communications
prehow.com	pr eh ow	pre how
publicstorytelling.com	public story telling	public storytelling
ratsrepus.com	rats re pus	rats rep us
reskillup.com	re skill up	res kill up
robitsan.com	rob its an	rob it san
shieldswarm.com	shield swarm	shields warm
siskills.com	si skills	sis kills
skybrosllc.com		sky bros llc
solsanjuan.com	sols an juan	sol san juan
sparelinkuae.com		spare link uae
speaktomasses.com	speak to masses	speak tom asses
specialsandsavings.com	special sand savings	specials and savings
spiritandart.com	spirit an dart	spirit and art
spotifyheadstart.com		spotify head start
sprayundcare.com	spray un dc are	spray und care
stackcopilot.com	stack copilot	stack co pilot
stanleylegacyllc.com	stanley leg acyl lc	stanley legacy llc
supportmetamasks.com	support met am asks	support meta masks
thaixxxfilms.com		thai xxx films
thatsjustjunk.com		thats just junk
theatreticketsco.com	the at re tickets co	theatre tickets co
tommytopup.com	tommy to pup	tommy top up
topingparts.com	to ping parts	top ing parts
tourships.com	tours hips	tour ships
transactorpay.com	transact or pay	trans actor pay
travellingjack.com	travel ling jack	travelling jack
trendingcolour.com	trending col our	trending colour
uaelloyd.com		uae lloyd
uberfrance.com		uber france
undai.com		und ai
wespotcars.com	we spot cars	wes pot cars
withcopilots.com	with copilots	with co pilots
yogawellspring.com	yoga wellspring	yoga well spring
yourecave.com	you re cave	youre cave
yourmaths.com	your mat hs	your maths
